,Unnamed: 0,place,mango_rank,mango_review_count,mango_view_count,mango_count,diningCode_score,diningCode_userScore,diningCode_heart,scale_sum,rank
0,0,가락1동,1.449435238,-0.178971414,-0.161157971,0.676229423,-0.526224899,-0.588674276,-0.417861516,0.252774585,3
1,1,가락2동,1.449435238,-0.178971414,-0.161157971,0.676229423,-1.09555306,-1.95228371,-0.558295069,-1.820596563,2
2,2,가락본동,0.060745849,-0.319244522,-0.455124826,-2.518605738,-0.94429302,-0.013124839,-0.44255313,-4.632200225,1
3,3,가리봉동,2.782415883,-0.379167014,-0.292841767,-2.242909303,-2.010689365,-1.465280341,0.146573338,-3.46189857,1
4,4,가산동,0.922442889,-0.45352538,-0.343078844,0.676229423,0.593966727,0.464227009,-0.38098374,1.479278085,4
5,5,가양1동,0.060745849,-0.593253737,-0.543925162,-0.134642445,-1.016835141,-0.162546327,-0.501581519,-2.892038481,2
6,6,가양2동,0.060745849,-0.593253737,-0.543925162,-0.134642445,-1.263694412,-2.661917192,-0.542091197,-5.678778296,1
7,7,가양3동,0.060745849,-0.593253737,-0.543925162,-0.134642445,-0.719942248,0.270992542,-0.500302266,-2.160327466,2
8,8,가회동,0.844944015,0.362782392,0.070987648,-2.161822116,-1.05773199,-0.870346495,0.125127037,-2.686059509,2
9,9,강일동,0.060745849,-0.630072423,-0.577990087,-2.291561615,-1.694845862,-1.789949254,-0.602855715,-7.526529106,1
10,10,개봉1동,0.060745849,-0.566084334,-0.517321482,-1.010384063,-0.511485535,0.047788749,-0.532119584,-3.028860401,1
11,11,개봉2동,0.060745849,-0.566084334,-0.517321482,-1.010384063,-0.511485535,0.047788749,-0.532119584,-3.028860401,1
12,12,개봉3동,0.060745849,-0.566084334,-0.517321482,-1.010384063,-0.511485535,0.047788749,-0.532119584,-3.028860401,1
13,13,개포1동,-0.240040232,-0.452007862,-0.404452092,0.270793489,-0.852596519,0.047788749,-0.532119584,-1.678303216,2
14,14,개포2동,-0.240040232,-0.452007862,-0.404452092,0.270793489,-0.206170149,-0.33426953,-0.447258704,-1.81340508,2
15,15,개포4동,-0.240040232,-0.452007862,-0.404452092,0.270793489,-0.887690242,-0.315952389,-0.50644268,-2.535792008,2
16,16,거여1동,0.060745849,-0.553285233,-0.558930334,-1.253645624,-1.468086423,2.430746615,-0.598804747,-1.941259896,2
17,17,거여2동,0.060745849,-0.553285233,-0.558930334,-1.253645624,-1.168440023,-6.335314036,-0.396256355,-10.20512575,1
18,18,고덕1동,0.060745849,-0.604825546,-0.563935373,-0.961731751,-0.707308508,0.439443949,-0.456750808,-2.794362187,2
19,19,고덕2동,0.060745849,-0.604825546,-0.563935373,-0.961731751,-0.707308508,0.439443949,-0.456750808,-2.794362187,2
20,20,공덕동,0.019412523,0.166263855,0.166524795,0.676229423,0.677138849,-0.158163297,0.09100359,1.638409738,4
21,21,공릉1동,-0.851420244,-0.029028996,0.022723524,0.676229423,-0.334964111,-1.163338252,-0.530517003,-2.210315658,2
22,22,공릉2동,-0.851420244,-0.029028996,0.022723524,0.676229423,-0.650132735,-0.19907158,0.284306245,-0.746394362,3
23,23,공항동,-4.037485094,-0.562286798,-0.514141482,-1.302297936,-0.219856701,-0.852016839,-0.388154419,-7.876239268,1
24,24,광장동,-0.184683893,-0.242979531,-0.331662436,-0.621165566,0.676086037,-0.017906327,-0.133393552,-0.855705267,3
25,25,광희동,0.922442889,-0.390348723,-0.205132585,-1.0266015,-0.971037833,-0.187833041,-0.085889895,-1.944400688,2
26,26,교남동,-2.1775121,-0.578000739,-0.579333496,-2.372648802,-1.820373408,-3.705495841,-0.444867969,-11.67823235,1
27,27,구로1동,0.074034155,-0.250469843,-0.239850264,0.676229423,1.17933002,0.794415294,0.020032795,2.253721581,4
28,28,구로2동,0.074034155,-0.250469843,-0.239850264,0.676229423,1.17933002,0.794415294,0.020032795,2.253721581,4
29,29,구로3동,0.074034155,-0.250469843,-0.239850264,0.676229423,1.17933002,0.794415294,0.020032795,2.253721581,4
30,30,구로4동,0.074034155,-0.250469843,-0.239850264,0.676229423,1.17933002,0.794415294,0.020032795,2.253721581,4
31,31,구로5동,0.074034155,-0.250469843,-0.239850264,0.676229423,1.17933002,0.794415294,0.020032795,2.253721581,4
32,32,구산동,0.060745849,-0.6291111,-0.547746609,-1.188775874,-0.612555456,0.339195302,-0.542486414,-3.120734302,1
33,33,구의1동,-1.061528304,-0.081324989,-0.184975208,0.676229423,1.025619515,0.788571253,0.065553981,1.228145671,4
34,34,구의2동,-1.061528304,-0.081324989,-0.184975208,0.676229423,1.025619515,0.788571253,0.065553981,1.228145671,4
35,35,구의3동,-1.061528304,-0.081324989,-0.184975208,0.676229423,1.025619515,0.788571253,0.065553981,1.228145671,4
36,36,군자동,0.069955267,-0.34852483,-0.268834556,0.676229423,0.190739854,-0.036368182,-0.064439764,0.218757212,3
37,37,길동,-0.774374579,-0.286423338,-0.30551452,0.676229423,0.383404391,1.168433882,-0.41216561,0.449589649,3
38,38,길음1동,-0.524202772,-0.55676311,-0.535076618,-0.248164507,-0.15037113,0.856293369,-0.549136359,-1.707421127,2
39,39,길음2동,-0.524202772,-0.55676311,-0.535076618,-0.248164507,-0.15037113,0.856293369,-0.549136359,-1.707421127,2
40,40,낙성대동,0.060745849,-0.428194508,-0.35077413,-2.551040613,-0.256003235,-0.282557872,0.443526894,-3.364297614,1
41,41,난곡동,-3.417494096,-0.451540933,-0.296275718,-2.453735989,-1.386021103,-0.345172591,0.305911406,-8.044329023,1
42,42,남가좌1동,0.213881749,-0.4636223,-0.506721891,-0.248164507,-0.551793182,0.677534485,-0.509683454,-1.388569101,3
43,43,남가좌2동,0.213881749,-0.4636223,-0.506721891,-0.248164507,-0.948306672,-0.491273602,-0.57449894,-3.018706163,1
44,44,남영동,0.692816594,-0.131305795,-0.162359083,-0.621165566,-0.12510365,-0.639555225,-0.250155875,-1.236828599,3
45,45,남현동,-0.993892922,-0.368716709,-0.363542853,-0.183294757,-0.098783358,-0.624092703,-0.130512864,-2.762836166,2
46,46,내곡동,0.060745849,-0.635952859,-0.552116304,-1.042818938,-1.198971561,-0.533016748,-0.584810495,-4.486941055,1
47,47,노량진1동,0.564755775,-0.13321242,0.029418076,0.676229423,0.582385798,0.62735838,0.124792809,2.471727842,5
48,48,노량진2동,0.564755775,-0.13321242,0.029418076,0.676229423,0.582385798,0.62735838,0.124792809,2.471727842,5
49,49,녹번동,1.099583174,-0.520623389,-0.485481587,-0.588730691,-0.133526143,0.010714487,-0.449876438,-1.067940588,3
50,50,논현1동,0.368761089,1.751894716,1.825496636,0.676229423,-0.511980976,-0.815942515,-0.392655494,2.901802879,5
51,51,논현2동,0.368761089,1.751894716,1.825496636,0.676229423,0.074880435,0.073650307,-0.27958848,4.491324126,5
52,52,능동,-0.162541357,-0.376715639,-0.332206796,0.676229423,0.309707574,0.084275835,-0.383293257,-0.184544218,3
53,53,다산동,0.550448291,-0.519712496,-0.502716142,0.676229423,0.517111474,1.104149437,-0.35780649,1.467703496,4
54,54,답십리1동,1.387436138,-0.46076522,-0.470236712,-0.248164507,-0.31987381,0.332204823,-0.409023041,-0.188422329,3
55,55,답십리2동,1.387436138,-0.46076522,-0.470236712,-0.248164507,-0.31987381,0.332204823,-0.409023041,-0.188422329,3
56,56,당산1동,-0.252276896,-0.049865681,-0.063687561,0.676229423,1.254079649,0.578185798,0.121210756,2.263875488,4
57,57,당산2동,-0.252276896,-0.049865681,-0.063687561,0.676229423,1.254079649,0.578185798,0.121210756,2.263875488,4
58,58,대림1동,0.656732462,-0.503097623,-0.425191903,-0.426556318,-0.429366225,-0.261242223,-0.405978677,-1.794700507,2
59,59,대림2동,0.656732462,-0.503097623,-0.425191903,-0.426556318,-0.429366225,-0.261242223,-0.405978677,-1.794700507,2
60,60,대림3동,0.656732462,-0.503097623,-0.425191903,-0.426556318,-0.429366225,-0.261242223,-0.405978677,-1.794700507,2
61,61,대방동,0.250785975,-0.397143762,-0.377647902,0.676229423,-0.642034183,-0.239843955,-0.447686033,-1.177340438,3
62,62,대조동,-0.66197855,-0.456446166,-0.463837661,0.481620175,0.308654762,0.326892059,-0.260882239,-0.725977621,3
63,63,대치1동,-0.161193551,1.475706501,1.262299589,0.676229423,-0.694674767,-3.413293819,-0.623110554,-1.478037178,2
64,64,대치2동,-0.161193551,1.475706501,1.262299589,0.676229423,-0.612789415,-1.587031183,-0.503201906,0.550019459,4
65,65,대치4동,-0.161193551,1.475706501,1.262299589,0.676229423,-0.291096957,-1.386142293,-0.005954409,1.569848304,4
66,66,대학동,0.060745849,-0.463214146,-0.415208868,-2.340213927,-0.348124257,-0.23803185,-0.454995388,-4.199042587,1
67,67,대흥동,-0.182758455,-0.228816033,-0.247553257,0.676229423,0.657135427,0.838245597,0.051045863,1.563528566,4
68,68,도곡1동,-0.213046242,0.63611067,0.451861139,0.676229423,2.516400851,0.385332463,2.390809528,6.843697832,5
69,69,도곡2동,-0.213046242,0.63611067,0.451861139,0.676229423,0.380697161,-1.250998858,0.278904954,0.959758247,4
70,70,도림동,-2.338250507,-0.272940777,-0.259488079,0.676229423,-1.176862516,-0.013124839,-0.521086179,-3.905523474,1
71,71,도봉1동,-0.317539107,-0.527858984,-0.446498997,-0.426556318,0.979295801,0.8820759,-0.121167375,0.021750921,3
72,72,도봉2동,-0.317539107,-0.527858984,-0.446498997,-0.426556318,0.979295801,0.8820759,-0.121167375,0.021750921,3
73,73,도화동,-0.236670715,0.176069353,0.076054514,0.676229423,0.849799964,0.128548868,0.531187701,2.201219109,4
74,74,독산1동,0.060745849,-0.600374397,-0.527862315,-1.659081558,0.126518342,0.90775426,-0.472315343,-2.164615161,2
75,75,독산2동,0.060745849,-0.600374397,-0.527862315,-1.659081558,0.126518342,0.90775426,-0.472315343,-2.164615161,2
76,76,독산3동,0.060745849,-0.600374397,-0.527862315,-1.659081558,0.126518342,0.90775426,-0.472315343,-2.164615161,2
77,77,독산4동,0.060745849,-0.600374397,-0.527862315,-1.659081558,0.126518342,0.90775426,-0.472315343,-2.164615161,2
78,78,돈암1동,0.060745849,-0.581714943,-0.514355441,-2.032082617,-1.890932037,-0.783475624,-0.579900231,-6.321715043,1
79,79,돈암2동,0.060745849,-0.581714943,-0.514355441,-2.032082617,-1.890932037,-0.783475624,-0.579900231,-6.321715043,1
80,80,동선동,-0.820550671,0.271672966,0.125914726,0.676229423,0.87822588,0.847011658,0.350683549,2.329187531,5
81,81,둔촌1동,-2.487507599,-0.543641511,-0.490939035,-0.799557377,-0.324085057,-0.123502092,-0.459662808,-5.228895479,1
82,82,둔촌2동,-2.487507599,-0.543641511,-0.490939035,-0.799557377,-0.324085057,-0.123502092,-0.459662808,-5.228895479,1
83,83,등촌1동,-0.896197371,-0.363233078,-0.348666307,0.676229423,0.64029044,0.795595908,-0.173821393,0.330197622,3
84,84,등촌2동,-0.896197371,-0.363233078,-0.348666307,0.676229423,0.64029044,0.795595908,-0.173821393,0.330197622,3
85,85,등촌3동,-0.896197371,-0.363233078,-0.348666307,0.676229423,0.64029044,0.795595908,-0.173821393,0.330197622,3
86,86,마장동,2.162424885,-0.478912605,-0.384421821,-0.686035316,-0.711519754,-0.613024444,-0.294895968,-1.006385022,3
87,87,마천1동,0.060745849,-0.553955136,-0.58219386,-0.491426067,-1.522567587,2.430746615,-0.590702812,-1.249352997,3
88,88,마천2동,0.060745849,-0.553955136,-0.58219386,-0.491426067,-1.058145466,0.028196659,-0.474034937,-3.070812958,1
89,89,망우3동,-0.627534605,-0.565142814,-0.523613285,0.335663239,-0.077727124,-0.805469324,-0.436324109,-2.700148024,2
90,90,망원1동,0.148655675,1.392768324,1.189955424,0.676229423,1.620458113,0.595717919,0.888693943,6.512478822,5
91,91,망원2동,0.148655675,1.392768324,1.189955424,0.676229423,1.620458113,0.595717919,0.888693943,6.512478822,5
92,92,면목3.8동,0.302451891,-0.508272748,-0.445513233,0.676229423,0.446573092,0.528511454,-0.461936047,0.538043833,4
93,93,면목2동,0.509115557,-0.518486809,-0.450668342,0.676229423,0.446573092,0.528511454,-0.461936047,0.729338329,4
94,94,면목4동,0.509115557,-0.518486809,-0.450668342,0.676229423,0.446573092,0.528511454,-0.461936047,0.729338329,4
95,95,면목5동,0.509115557,-0.518486809,-0.450668342,0.676229423,0.446573092,0.528511454,-0.461936047,0.729338329,4
96,96,면목7동,0.509115557,-0.518486809,-0.450668342,0.676229423,0.446573092,0.528511454,-0.461936047,0.729338329,4
97,97,면목본동,0.060745849,-0.591619487,-0.588787227,-2.518605738,-1.293461409,-1.513980678,-0.533989262,-6.979697952,1
98,98,명동,-0.041987552,1.410745072,1.241867969,0.676229423,2.44059841,0.174947008,3.397394019,9.29979435,5
99,99,명일1동,0.302451891,-0.460879504,-0.396709244,0.676229423,0.360242534,1.039864992,-0.458278069,1.062922023,4
100,100,명일2동,0.302451891,-0.460879504,-0.396709244,0.676229423,0.360242534,1.039864992,-0.458278069,1.062922023,4
101,101,목1동,-1.158204866,0.331323084,0.284283862,0.676229423,-0.476998839,0.107044824,-0.422662664,-0.658985176,3
102,102,목2동,-1.158204866,0.331323084,0.284283862,0.676229423,-0.660613213,-2.682788765,-0.299033126,-3.508803601,1
103,103,목3동,-1.158204866,0.331323084,0.284283862,0.676229423,-0.622892153,-0.754255421,-0.269571542,-1.513087613,2
104,104,목4동,-1.158204866,0.331323084,0.284283862,0.676229423,-0.510432724,0.176616734,-0.357956295,-0.558140782,3
105,105,목5동,-1.158204866,0.331323084,0.284283862,0.676229423,-0.653732091,-0.491273602,-0.380052483,-1.391426673,2
106,106,무악동,1.542433887,-0.503097623,-0.40858832,-2.372648802,-1.3835798,-0.240814726,-0.598804747,-3.965100132,1
107,107,문래동,-0.20812893,0.037158121,0.064045321,0.676229423,1.507807263,0.949282365,0.320895632,3.347289195,5
108,108,문정1동,-0.658534155,-0.2901004,-0.302667225,0.676229423,-0.291096957,-2.828889776,3.654711497,-0.040347593,3
109,109,문정2동,-0.658534155,-0.2901004,-0.302667225,0.676229423,-0.115628344,-0.491273602,-0.396256355,-1.578230659,2
110,110,미아동,-0.406109249,-0.435957194,-0.433045482,0.676229423,0.617128584,1.159667821,-0.403559508,0.774354394,4
111,111,반포1동,-0.210074,1.940650568,1.743574788,0.676229423,0.284440093,-0.608154411,0.551670123,4.378336584,5
112,112,반포2동,-0.210074,1.940650568,1.743574788,0.676229423,-0.642034183,-0.608154411,-0.623110554,2.885236041,5
113,113,반포4동,-0.210074,1.940650568,1.743574788,0.676229423,-0.410415614,-2.049684384,0.073655916,1.763936696,4
114,114,발산1동,0.398657391,0.093539739,-0.023643945,0.676229423,0.989823918,0.905452062,-0.250993413,2.789065175,5
115,115,방배1동,0.094134916,0.998505562,0.843778155,0.676229423,-0.606940461,-0.4620534,-0.545830552,0.997823643,4
116,116,방배2동,0.094134916,0.998505562,0.843778155,0.676229423,-0.072063723,-0.451427872,0.545041266,2.634197727,5
117,117,방배3동,0.094134916,0.998505562,0.843778155,0.676229423,-0.852596519,-1.465280341,-0.51778539,-0.223014194,3
118,118,방배4동,0.094134916,0.998505562,0.843778155,0.676229423,-0.478263478,0.677534485,-0.351695708,2.460223355,5
119,119,방이1동,-0.090713132,0.426109572,0.434136549,0.676229423,0.340590049,0.034690037,0.89600239,2.717044889,5
120,120,방이2동,-0.090713132,0.426109572,0.434136549,0.676229423,-0.415274745,0.482733137,-0.389774806,1.123445998,4
121,121,방학1동,-0.317539107,-0.544398702,-0.510687314,0.660011986,-0.280919778,-0.517247115,-0.441740906,-1.952520934,2
122,122,방학2동,-0.317539107,-0.544398702,-0.510687314,0.660011986,-0.280919778,-0.517247115,-0.441740906,-1.952520934,2
123,123,방학3동,-0.317539107,-0.544398702,-0.510687314,0.660011986,-0.280919778,-0.517247115,-0.441740906,-1.952520934,2
124,124,방화1동,-2.022514351,-0.483759001,-0.38707376,0.676229423,0.541326143,0.303515897,-0.223906086,-1.596181734,2
125,125,방화2동,-2.022514351,-0.483759001,-0.38707376,0.676229423,0.541326143,0.303515897,-0.223906086,-1.596181734,2
126,126,방화3동,-2.022514351,-0.483759001,-0.38707376,0.676229423,0.541326143,0.303515897,-0.223906086,-1.596181734,2
127,127,번1동,0.866080071,-0.464556566,-0.422000801,0.676229423,-0.517610985,0.056605189,-0.55181352,-0.357067189,3
128,128,번2동,0.866080071,-0.464556566,-0.422000801,0.676229423,-0.852596519,0.056605189,-0.623110554,-0.819954946,3
129,129,번3동,0.866080071,-0.464556566,-0.422000801,0.676229423,0.094933991,0.385332463,-0.623110554,0.512908028,4
130,130,보광동,0.870776973,-0.14170855,-0.251049398,-1.221210749,-1.007359836,-0.250206934,-0.361290106,-2.362048599,2
131,131,보문동,1.387436138,-0.486184017,-0.486581188,-1.059036375,-0.568337366,-0.402342552,-0.420742205,-2.035787565,2
132,132,부암동,0.557742302,0.848076759,0.371173855,-1.545559496,-0.027192163,-0.456209359,0.190419107,-0.061548995,3
133,133,북가좌1동,-0.937530104,-0.502246451,-0.528049252,-1.010384063,-0.551793182,0.677534485,-0.509683454,-3.362152022,1
134,134,북가좌2동,-0.937530104,-0.502246451,-0.528049252,-1.010384063,-0.948306672,-0.491273602,-0.57449894,-4.992289084,1
135,135,북아현동,0.036741464,-0.414575759,-0.455236575,-1.594211808,-1.551663473,-1.088959555,-0.534889477,-5.602795185,1
136,136,불광1동,-0.565535506,-0.529852566,-0.489706719,-0.507643505,-0.046142774,0.420653587,-0.426699992,-2.144927473,2
137,137,불광2동,-0.565535506,-0.529852566,-0.489706719,-0.507643505,-0.046142774,0.420653587,-0.426699992,-2.144927473,2
138,138,사근동,-0.317539107,-0.420412366,-0.373149673,-2.226691866,-1.70592809,2.013315156,-0.525887326,-3.556293271,1
139,139,사당1동,0.025840523,0.467374379,0.439663128,0.676229423,1.425687952,0.648314283,1.00942949,4.692539179,5
140,140,사당2동,0.025840523,0.467374379,0.439663128,0.676229423,1.425687952,0.648314283,1.00942949,4.692539179,5
141,141,사당3동,0.025840523,0.467374379,0.439663128,0.676229423,1.425687952,0.648314283,1.00942949,4.692539179,5
142,142,사당4동,0.025840523,0.467374379,0.439663128,0.676229423,1.425687952,0.648314283,1.00942949,4.692539179,5
143,143,사당5동,0.025840523,0.467374379,0.439663128,0.676229423,1.425687952,0.648314283,1.00942949,4.692539179,5
144,144,사직동,-0.317539107,-0.530743682,-0.494136496,0.676229423,1.625722171,0.534355494,1.226493851,2.720381655,5
145,145,삼선동,0.715779223,-0.462808826,-0.45074798,-0.231947069,-0.394623439,0.390743612,-0.4726068,-0.906211279,3
146,146,삼성1동,-0.373338296,2.278531712,1.943158211,0.676229423,-0.139024159,-2.731489102,-0.164000864,1.490066925,4
147,147,삼성2동,-0.373338296,2.278531712,1.943158211,0.676229423,-0.529232932,-2.828889776,-0.509683454,0.656774888,4
148,148,삼성동,-0.373338296,2.278531712,1.943158211,0.676229423,1.783643923,-0.073424711,1.385842149,7.620642412,5
149,149,삼양동,0.060745849,-0.493564499,-0.375852207,-2.486170864,-1.26740432,0.492473205,-0.516627971,-4.586400807,1
150,150,삼전동,0.76744514,-0.414575759,-0.465919725,0.254576052,0.074930569,-0.160958273,-0.316378115,-0.260880112,3
151,151,삼청동,-0.852985877,0.828031848,0.535426763,-0.961731751,1.777327053,0.055144179,1.890617295,3.27182951,5
152,152,상계10동,-0.299304077,-0.080507864,-0.109214213,0.676229423,-0.852596519,0.055144179,1.890617295,-0.66539325,3
153,153,상계1동,-0.299304077,-0.080507864,-0.109214213,0.676229423,-0.794106981,-0.746950371,-0.558295069,-1.912149152,2
154,154,상계2동,-0.299304077,-0.080507864,-0.109214213,0.676229423,0.020359831,-1.757482363,0.154675273,-1.39524399,2
155,155,상계5동,-0.299304077,-0.080507864,-0.109214213,0.676229423,-0.723919536,0.093130442,-0.610147457,-1.053733283,3
156,156,상계8동,-0.299304077,-0.080507864,-0.109214213,0.676229423,-1.247400898,2.430746615,-0.542091197,0.828457789,4
157,157,상계9동,-0.299304077,-0.080507864,-0.109214213,0.676229423,-0.341230847,1.086617315,-0.57449894,0.358090797,3
158,158,상도1동,-0.373901924,-0.105021611,-0.136641722,0.676229423,-0.907342726,-1.118179758,-0.359711453,-2.324569772,2
159,159,상도2동,-0.373901924,-0.105021611,-0.136641722,0.676229423,0.396038131,0.285983776,-0.287248492,0.45543758,3
160,160,상도3동,-0.373901924,-0.105021611,-0.136641722,0.676229423,0.396038131,0.285983776,-0.287248492,0.45543758,3
161,161,상도4동,-0.373901924,-0.105021611,-0.136641722,0.676229423,0.396038131,0.285983776,-0.287248492,0.45543758,3
162,162,상봉1동,-1.557521102,-0.53196937,-0.466171048,0.676229423,0.48973837,-0.120177034,-0.4575683,-1.967439061,2
163,163,상봉2동,-1.557521102,-0.53196937,-0.466171048,0.676229423,0.48973837,-0.120177034,-0.4575683,-1.967439061,2
164,164,상암동,-0.064950181,-0.294186025,-0.264652051,0.676229423,0.671874791,0.020079936,-0.171264669,0.573131224,4
165,165,서교동,0.621747255,4.039027302,3.466982798,0.676229423,2.221613581,0.502213272,4.706990907,16.23480454,5
166,166,서빙고동,1.542433887,-0.438408569,-0.443863197,-2.437518551,-1.311321607,-1.221778656,-0.615008619,-4.925465312,1
167,167,서초1동,0.454349686,3.122213168,2.951083051,0.676229423,-0.54229413,0.00964415,-0.440448731,6.230776617,5
168,168,서초2동,0.454349686,3.122213168,2.951083051,0.676229423,0.023493199,-0.3382154,0.137766886,7.026920013,5
169,169,서초3동,0.454349686,3.122213168,2.951083051,0.676229423,-0.081411965,-0.052970569,0.61732374,7.686816534,5
170,170,서초4동,0.454349686,3.122213168,2.951083051,0.676229423,-0.038052747,-0.442573265,1.928999192,8.652248509,5
171,171,석관동,-1.350857436,-0.477785536,-0.495761165,-0.215729632,0.199162347,0.024552416,-0.452511304,-2.76893031,2
172,172,석촌동,-0.037543172,-0.252512655,-0.362820701,0.676229423,2.087906498,0.321048019,1.7465436,4.178851012,5
173,173,성내1동,0.100280914,0.017547123,-0.011322624,0.676229423,1.127742247,0.8820759,0.11817,2.910722983,5
174,174,성내2동,0.100280914,0.017547123,-0.011322624,0.676229423,1.127742247,0.8820759,0.11817,2.910722983,5
175,175,성내3동,0.100280914,0.017547123,-0.011322624,0.676229423,1.127742247,0.8820759,0.11817,2.910722983,5
176,176,성북동,0.026900337,0.050640682,-0.032586969,0.676229423,0.557118318,-0.40778731,0.282121453,1.152635934,4
177,177,성산1동,-0.110875441,-0.319516896,-0.29730249,0.676229423,0.962450814,0.510979333,0.316365517,1.73833026,4
178,178,성산2동,-0.110875441,-0.319516896,-0.29730249,0.676229423,0.962450814,0.510979333,0.316365517,1.73833026,4
179,179,세곡동,0.060745849,-0.518508312,-0.492087265,-1.95099543,-0.755737845,-1.37599639,-0.421574904,-5.454154297,1
180,180,소공동,0.202453343,-0.074890865,0.15670838,-0.313034256,-0.321662458,-0.252641951,-0.092122153,-0.695189959,3
181,181,송정동,0.358814709,-0.42696882,-0.379407375,0.676229423,0.048610277,0.790154014,-0.302369217,0.765063012,4
182,182,송천동,0.060745849,-0.642995603,-0.574383885,0.14105399,-0.533594581,0.03085788,-0.544055303,-2.062371653,2
183,183,송파1동,-0.107185018,1.183992913,0.858657377,0.676229423,-0.384680218,-0.491273602,-0.511998293,1.223742583,4
184,184,송파2동,-0.107185018,1.183992913,0.858657377,0.676229423,-0.759013259,2.430746615,-0.409219452,3.874208601,5
185,185,수궁동,0.060745849,-0.509906997,-0.510074639,-2.551040613,0.124412718,0.835323577,-0.101923019,-2.652463124,2
186,186,수색동,0.060745849,-0.628761528,-0.548889118,-2.388866239,-1.812208475,-0.783475624,-0.623110554,-6.724565689,1
187,187,수서동,-0.317539107,-0.484225929,-0.393815764,-0.864427127,0.202320782,-1.763385434,-0.47762797,-4.098700548,1
188,188,수유1동,-0.092087835,-0.282746276,-0.27009347,0.676229423,-1.004669317,-0.19907158,-0.504282164,-1.676721218,2
189,189,수유2동,-0.092087835,-0.282746276,-0.27009347,0.676229423,0.031765291,0.093130442,-0.422182549,-0.265984974,3
190,190,수유3동,-0.092087835,-0.282746276,-0.27009347,0.676229423,-0.302126413,-0.624092703,-0.334913127,-1.2298304,3
191,191,시흥1동,-1.309524703,-0.533468267,-0.479742762,0.076184241,0.753994102,0.724286809,-0.348021575,-1.116292156,3
192,192,시흥2동,-1.309524703,-0.533468267,-0.479742762,0.076184241,0.753994102,0.724286809,-0.348021575,-1.116292156,3
193,193,시흥3동,-1.309524703,-0.533468267,-0.479742762,0.076184241,0.753994102,0.724286809,-0.348021575,-1.116292156,3
194,194,시흥4동,-1.309524703,-0.533468267,-0.479742762,0.076184241,0.753994102,0.724286809,-0.348021575,-1.116292156,3
195,195,시흥5동,-1.309524703,-0.533468267,-0.479742762,0.076184241,0.753994102,0.724286809,-0.348021575,-1.116292156,3
196,196,신길1동,-1.557521102,-0.455159629,-0.439764311,0.676229423,-0.17563861,-0.59646633,-0.376557531,-2.92487809,1
197,197,신길3동,-1.557521102,-0.455159629,-0.439764311,0.676229423,-0.17563861,-0.59646633,-0.376557531,-2.92487809,1
198,198,신길4동,-1.557521102,-0.455159629,-0.439764311,0.676229423,-0.17563861,-0.59646633,-0.376557531,-2.92487809,1
199,199,신길5동,-1.557521102,-0.455159629,-0.439764311,0.676229423,-0.17563861,-0.59646633,-0.376557531,-2.92487809,1
200,200,신길6동,-1.557521102,-0.455159629,-0.439764311,0.676229423,-0.17563861,-0.59646633,-0.376557531,-2.92487809,1
201,201,신길7동,-1.557521102,-0.455159629,-0.439764311,0.676229423,-0.17563861,-0.59646633,-0.376557531,-2.92487809,1
202,202,신내1동,1.542433887,-0.579255097,-0.508886669,-0.10220757,-1.922955058,-3.413293819,-0.376557531,-4.984164327,1
203,203,신내2동,1.542433887,-0.579255097,-0.508886669,-0.10220757,-1.033078521,-1.854883037,-0.542091197,-3.077968204,1
204,204,신당5동,0.163488392,0.288832589,0.176955241,0.676229423,1.146692858,0.753507011,0.213966712,3.419672225,5
205,205,신당동,0.163488392,0.288832589,0.176955241,0.676229423,1.146692858,0.753507011,0.213966712,3.419672225,5
206,206,신대방1동,1.387436138,-0.467765965,-0.421826888,0.011314491,-0.104047416,0.492596497,-0.316565184,0.581141673,4
207,207,신대방2동,1.387436138,-0.467765965,-0.421826888,0.011314491,-0.104047416,0.492596497,-0.316565184,0.581141673,4
208,208,신도림동,-2.668338307,-0.277266733,-0.2367119,0.189706302,0.40130219,-0.210759661,-0.105043116,-2.907111226,2
209,209,신림동,-0.49618058,0.173617979,0.171964287,0.676229423,0.927708029,1.089539336,0.029365334,2.572243807,5
210,210,신사1동,2.584018764,4.488037433,5.446758659,0.676229423,2.361637534,0.423318726,3.266473286,19.24647382,5
211,211,신사2동,2.584018764,4.488037433,5.446758659,0.676229423,2.361637534,0.423318726,3.266473286,19.24647382,5
212,212,신사동,2.584018764,4.488037433,5.446758659,0.676229423,2.406908436,0.408708625,3.178965833,19.18962717,5
213,213,신수동,1.129106555,-0.349728872,-0.409055239,-0.118425008,-0.088255241,-0.214450634,-0.444867969,-0.495676407,3
214,214,신원동,2.472420384,-0.473590335,-0.392820113,-1.107688687,-0.140895825,0.112940748,-0.537144752,-0.06677858,3
215,215,신월1동,0.060745849,-0.60551061,-0.540119393,0.676229423,-1.362805255,0.385332463,-0.59718436,-1.983311883,2
216,216,신월2동,0.060745849,-0.60551061,-0.540119393,0.676229423,-0.882676853,-0.491273602,-0.542091197,-2.324696382,2
217,217,신월3동,0.060745849,-0.60551061,-0.540119393,0.676229423,-1.401562608,2.430746615,-0.590702812,0.029826465,3
218,218,신월4동,0.060745849,-0.60551061,-0.540119393,0.676229423,-0.668354475,1.303681674,-0.407058936,-0.180386467,3
219,219,신월5동,0.060745849,-0.60551061,-0.540119393,0.676229423,-1.83841109,-0.491273602,-0.612307973,-3.350647396,1
220,220,신월6동,0.060745849,-0.60551061,-0.540119393,0.676229423,-1.694845862,-0.491273602,-0.612307973,-2.103500592,2
221,221,신월7동,0.060745849,-0.60551061,-0.540119393,0.676229423,-1.840234141,-0.491273602,-0.623110554,-3.363273028,1
222,222,신정1동,-0.730866438,-0.295820274,-0.263194686,0.676229423,-0.791644264,0.218359879,-0.562034424,-1.748970784,2
223,223,신정2동,-0.730866438,-0.295820274,-0.263194686,0.676229423,-0.762797876,-0.574759894,-0.350504247,-2.301713993,2
224,224,신정3동,-0.730866438,-0.295820274,-0.263194686,0.676229423,-1.283292206,-1.367879667,-0.418941775,-3.683765623,1
225,225,신정4동,-0.730866438,-0.295820274,-0.263194686,0.676229423,-0.932993047,0.719277631,-0.49770668,-1.325074072,3
226,226,신정7동,-0.730866438,-0.295820274,-0.263194686,0.676229423,-1.975595642,0.719277631,-0.623110554,-3.212358173,1
227,227,신촌동,-2.694171265,-0.509906997,-0.522221017,-0.637383004,-0.923134902,0.168886521,-0.440666965,-5.558597628,1
228,228,쌍문1동,0.178453692,-0.481716188,-0.451725336,0.676229423,0.856116834,0.867465799,-0.21985978,1.424964444,4
229,229,쌍문2동,0.178453692,-0.481716188,-0.451725336,0.676229423,0.856116834,0.867465799,-0.21985978,1.424964444,4
230,230,쌍문3동,0.178453692,-0.481716188,-0.451725336,0.676229423,0.856116834,0.867465799,-0.21985978,1.424964444,4
231,231,쌍문4동,0.178453692,-0.481716188,-0.451725336,0.676229423,0.856116834,0.867465799,-0.21985978,1.424964444,4
232,232,아현동,0.560781474,-0.422747008,-0.4245036,-0.621165566,-1.191601879,-1.278595716,-0.439466678,-3.817298974,1
233,233,안암동,-0.49055985,0.404455762,0.122458976,0.676229423,0.214954522,0.328681051,-0.115973173,1.140246711,4
234,234,암사1동,0.922442889,-0.552668456,-0.499531034,0.562707362,0.196003912,1.323300953,-0.476241422,1.476014204,4
235,235,암사2동,0.922442889,-0.552668456,-0.499531034,0.562707362,0.196003912,1.323300953,-0.476241422,1.476014204,4
236,236,암사3동,0.922442889,-0.552668456,-0.499531034,0.562707362,0.196003912,1.323300953,-0.476241422,1.476014204,4
237,237,압구정동,-0.908006724,-0.029116545,-0.167843192,-0.750905065,2.366901593,0.408708625,3.233410841,4.153149533,5
238,238,약수동,0.250785975,-0.226345203,-0.266601608,0.157271428,0.516058662,0.269047985,-0.035270108,0.664947131,4
239,239,양재1동,-0.527382213,0.301498025,0.304703922,0.676229423,-0.161688855,-2.569154645,0.316713987,-1.659080357,2
240,240,양재2동,-0.527382213,0.301498025,0.304703922,0.676229423,-0.798360766,0.260103025,-0.422771781,-0.205980365,3
241,241,양평1동,0.054455492,-0.217784847,-0.224590323,0.676229423,1.17301315,0.432084787,0.23834016,2.131747842,4
242,242,양평2동,0.054455492,-0.217784847,-0.224590323,0.676229423,1.17301315,0.432084787,0.23834016,2.131747842,4
243,243,여의동,0.060745849,-0.638312338,-0.583251142,-2.340213927,-1.755908939,0.356112261,-0.584810495,-5.485638731,1
244,244,역삼1동,1.015441539,3.517701618,3.455800935,0.676229423,-0.400697353,-1.068720454,0.572293232,7.76804894,5
245,245,역삼2동,1.015441539,3.517701618,3.455800935,0.676229423,-1.028065132,-1.068720454,-0.56909765,7.068010734,5
246,246,역촌동,1.335770221,-0.552820751,-0.492563464,-0.313034256,-0.014558423,0.647650187,-0.522450141,0.087993373,3
247,247,연남동,1.282037668,2.548182928,2.221049742,0.676229423,1.925773499,0.467149029,3.275966463,12.39638875,5
248,248,연희동,0.725436404,1.199926849,0.782945321,0.676229423,1.2045975,0.33858014,0.609777554,5.537493191,5
249,249,염리동,0.573697953,0.127161174,-0.154862691,-0.734687628,-0.542017074,0.108244339,0.313699314,-0.308764613,3
250,250,염창동,0.61244739,-0.509906997,-0.479067428,-1.156340999,-0.429366225,-0.526337844,-0.376811709,-2.865383812,2
251,251,영등포동,-1.181460989,0.291283964,0.165031979,0.676229423,1.337251771,0.426240746,0.704894643,2.419471538,5
252,252,영등포본동,0.060745849,-0.509906997,-0.520979826,-2.534823176,1.720475222,0.554809636,0.81853285,-0.411146441,3
253,253,오금동,0.457449641,-0.347593753,-0.351315182,-0.183294757,-0.038773092,-0.343412338,-0.421930021,-1.228869501,3
254,254,오류1동,0.922442889,-0.560977303,-0.482693974,0.416750425,-0.542017074,-0.790967983,-0.376091537,-1.413554556,2
255,255,오류2동,0.922442889,-0.560977303,-0.482693974,0.416750425,-0.542017074,-0.790967983,-0.376091537,-1.413554556,2
256,256,오륜동,0.060745849,-0.632475732,-0.560853121,-2.307779052,-1.943201437,0.239231452,-0.57449894,-5.71883098,1
257,257,옥수동,1.170439288,-0.120484412,-0.09690923,-0.767122502,-0.643086995,-0.362704712,-0.396256355,-1.216124918,3
258,258,왕십리2동,-0.317539107,-0.522586522,-0.503218868,-0.686035316,1.345674265,0.627860141,0.573740913,0.517895508,4
259,259,용강동,1.896714457,-0.367318703,-0.238901166,0.676229423,-0.298817576,-0.21472526,0.054264398,1.507445574,4
260,260,용답동,5.262379875,-0.495571473,-0.512823414,-1.64286412,-1.001042966,0.192906742,-0.536689907,1.266294737,4
261,261,용문동,0.178453692,-0.503681284,-0.503497396,-0.864427127,-0.77153002,0.355363025,-0.256349758,-2.365668867,2
262,262,우이동,0.302451891,-0.474498252,-0.427311675,-1.107688687,-0.31355694,-0.002397142,-0.542915123,-2.565915928,2
263,263,월계1동,0.922442889,-0.545860493,-0.507693994,0.676229423,-0.747315351,-0.637374613,-0.185606026,-1.025178164,3
264,264,월계2동,0.922442889,-0.545860493,-0.507693994,0.676229423,-0.852596519,-0.637374613,-0.185606026,-0.307478693,3
265,265,월곡1동,-1.867516601,-0.513175497,-0.482990084,0.676229423,-1.27372119,-0.491273602,-0.185606026,-3.952447551,1
266,266,월곡2동,-1.867516601,-0.513175497,-0.482990084,0.676229423,-0.720995059,2.430746615,-0.547492488,-1.025193691,3
267,267,을지로동,0.060745849,-0.673331977,-0.577509542,-2.551040613,2.696431648,0.271373675,4.344348265,3.571017305,5
268,268,응봉동,0.060745849,-0.556599849,-0.516438292,-2.340213927,-1.800127029,-1.367879667,-0.590702812,-7.111215726,1
269,269,응암1동,0.240452792,-0.430645882,-0.450494167,0.676229423,0.530798026,0.692144586,-0.401826435,0.856658342,4
270,270,응암2동,0.240452792,-0.430645882,-0.450494167,0.676229423,0.530798026,0.692144586,-0.401826435,0.856658342,4
271,271,응암3동,0.240452792,-0.430645882,-0.450494167,0.676229423,0.530798026,0.692144586,-0.401826435,0.856658342,4
272,272,이촌1동,-0.455314884,0.133000704,0.205545284,0.011314491,-0.00613593,-1.211191626,-0.116506759,-1.439288719,2
273,273,이촌2동,-0.455314884,0.133000704,0.205545284,0.011314491,-0.00613593,-1.211191626,-0.116506759,-1.439288719,2
274,274,이태원1동,0.338685132,3.459277188,2.694826565,0.676229423,2.110015543,0.394098524,5.196347823,14.8694802,5
275,275,이태원2동,0.338685132,3.459277188,2.694826565,0.676229423,2.110015543,0.394098524,5.196347823,14.8694802,5
276,276,이화동,0.922442889,-0.428194508,-0.379248785,-1.983430305,-0.984757985,-0.115585288,-0.486998034,-3.455772016,1
277,277,인헌동,0.060745849,-0.591619487,-0.569263217,-2.551040613,-0.662280562,0.8820759,-0.509683454,-3.941065583,1
278,278,일원1동,-1.557521102,-0.535906426,-0.477240672,-0.78333994,-0.5893936,-0.491273602,-0.34764474,-4.782320082,1
279,279,잠실2동,-0.147041582,0.508639186,0.666439387,0.676229423,-0.747315351,-0.491273602,-0.590702812,0.366248252,3
280,280,잠실3동,-0.147041582,0.508639186,0.666439387,0.676229423,-0.773635643,-1.367879667,-0.623110554,-1.06035945,3
281,281,잠실4동,-0.147041582,0.508639186,0.666439387,0.676229423,2.210032652,0.353190241,2.0767785,6.344267808,5
282,282,잠실6동,-0.147041582,0.508639186,0.666439387,0.676229423,2.210032652,0.353190241,2.0767785,6.344267808,5
283,283,잠실7동,-0.147041582,0.508639186,0.666439387,0.676229423,-0.782409074,0.353190241,-0.623110554,0.298746786,3
284,284,잠실본동,0.060745849,-0.591619487,-0.524825542,-2.486170864,-0.227102522,-0.733587474,0.137479328,-4.365080711,1
285,285,잠원동,0.494862891,0.392607451,0.294306616,0.676229423,0.299179457,0.022386794,0.045049082,2.224621713,4
286,286,장안1동,0.275495761,-0.359964579,-0.406694234,0.676229423,0.599230785,1.273626609,-0.274300901,1.783622864,4
287,287,장안2동,0.275495761,-0.359964579,-0.406694234,0.676229423,0.599230785,1.273626609,-0.274300901,1.783622864,4
288,288,장지동,-0.937530104,-0.590976082,-0.575216907,-0.507643505,-0.474637127,-0.766287269,-0.529003455,-4.381294449,1
289,289,장충동,0.679837716,-0.061713992,0.114482775,0.676229423,-0.174585798,-0.546691227,0.189739388,0.877298287,4
290,290,전농1동,0.125311606,-0.456793879,-0.441500663,0.676229423,1.291980869,0.309359938,0.821792107,2.326379401,5
291,291,전농2동,0.125311606,-0.456793879,-0.441500663,0.676229423,1.291980869,0.309359938,0.821792107,2.326379401,5
292,292,정릉1동,1.035168525,-0.506116212,-0.492317906,0.578924799,0.01281468,0.770790449,-0.499961132,0.899303204,4
293,293,정릉2동,1.035168525,-0.506116212,-0.492317906,0.578924799,0.01281468,0.770790449,-0.499961132,0.899303204,4
294,294,정릉3동,1.035168525,-0.506116212,-0.492317906,0.578924799,0.01281468,0.770790449,-0.499961132,0.899303204,4
295,295,정릉4동,1.035168525,-0.506116212,-0.492317906,0.578924799,0.01281468,0.770790449,-0.499961132,0.899303204,4
296,296,제기동,0.479592177,-0.369361515,-0.367443267,0.676229423,-0.03772028,0.468818755,-0.357367063,0.492748229,3
297,297,조원동,0.060745849,-0.587947016,-0.553887626,-1.123906125,-0.193536409,0.070653363,-0.508799607,-2.836677569,2
298,298,종로5.6가동,2.822715298,5.257360523,6.167437399,0.676229423,3.119661942,0.394098524,7.203683413,25.64118652,5
299,299,종암동,4.022397879,-0.563953054,-0.498166044,-0.507643505,-0.466214633,0.113282305,-0.529655668,1.57004728,4
300,300,중계1동,-1.247525603,-0.54708618,-0.486455467,0.676229423,-1.098252577,-1.95228371,-0.363848612,-5.019222727,1
301,301,중계4동,-1.247525603,-0.54708618,-0.486455467,0.676229423,-0.405151556,0.417799355,0.035846883,-1.556343146,2
302,302,중계본동,0.060745849,-0.673331977,-0.572230353,-2.534823176,-1.411902723,0.239231452,-0.564776617,-5.457087543,1
303,303,중림동,1.294437488,-0.239024497,-0.171601571,-1.383385122,-0.760614025,-0.134137798,0.162597166,-1.231728359,3
304,304,중앙동,-0.051828679,0.26227603,0.189255752,0.676229423,1.081418534,0.551887616,0.707427561,3.416666237,5
305,305,증산동,1.542433887,-0.600501279,-0.520839092,-1.821255931,-1.365562209,-0.713903714,-0.50644268,-3.986071019,1
306,306,진관동,-0.317539107,-0.4892065,-0.4575345,-0.134642445,0.448678715,0.353190241,-0.512276074,-1.109329669,3
307,307,천연동,-0.937530104,-0.48539325,-0.573417207,-2.405083677,-2.00139985,-0.491273602,-0.615008619,-7.509106309,1
308,308,천호1동,-0.420870939,-0.250469843,-0.315108387,0.676229423,1.483592595,1.01064479,0.293420922,2.477438561,5
309,309,천호2동,-0.420870939,-0.250469843,-0.315108387,0.676229423,1.483592595,1.01064479,0.293420922,2.477438561,5
310,310,천호3동,-0.420870939,-0.250469843,-0.315108387,0.676229423,1.483592595,1.01064479,0.293420922,2.477438561,5
311,311,청담동,0.511437621,2.111021109,2.243699392,0.676229423,1.375152992,0.139882765,1.577970427,8.635393728,5
312,312,청량리동,-0.193540907,-0.469050753,-0.430501453,-1.042818938,-0.736787235,-0.10609821,-0.051710878,-3.030508372,1
313,313,청룡동,1.542433887,-0.586716738,-0.537019314,-1.756386182,-1.167387211,0.031614227,-0.455255066,-2.928716397,1
314,314,청림동,0.060745849,-0.622261671,-0.567471375,-2.307779052,-2.036604729,-2.171435227,-0.493479583,-8.138285788,1
315,315,청파동,0.011831111,0.010957744,-0.149837681,0.595142236,0.376034709,0.496790966,-0.175173397,1.16574569,4
316,316,평창동,-0.022305298,0.855712986,0.99305803,-1.269863061,-0.873356186,-0.59203292,-0.284218158,-1.193004607,3
317,317,풍납1동,-1.764184768,-0.534776016,-0.537087469,-0.702252753,-1.231608723,0.969736507,-0.509683454,-4.309856678,1
318,318,풍납2동,-1.764184768,-0.534776016,-0.537087469,-0.702252753,-0.626994017,-1.660081689,-0.450269259,-6.275645971,1
319,319,필동,0.302451891,-0.292595944,-0.313810846,0.432967863,0.359189722,-0.491273602,-0.030932708,-0.034003623,3
320,320,하계1동,-0.627534605,-0.438924431,-0.443243827,-0.961731751,-0.18581579,-0.491273602,-0.428664097,-3.577188103,1
321,321,하계2동,-0.627534605,-0.438924431,-0.443243827,-0.961731751,-0.852596519,-1.95228371,-0.57449894,-5.850813784,1
322,322,한남동,2.469320429,4.785470895,5.037964806,0.676229423,1.833126072,0.271373675,2.707757252,17.78124255,5
323,323,합정동,0.614850456,1.758023153,1.342779871,0.676229423,1.75179637,0.40359509,1.368529843,7.915804206,5
324,324,항동,-0.635912862,0.068208867,-0.044614273,0.676229423,-0.653615112,-1.185253403,-0.466473131,-2.241430491,2
325,325,행운동,0.060745849,-0.346482018,-0.526567289,-2.551040613,-0.350486334,-0.507507047,0.010640861,-4.210696592,1
326,326,혜화동,-0.575868689,-0.205598415,-0.152946477,-1.156340999,1.619405301,0.122350644,3.314597248,2.965598613,5
327,327,홍제1동,-0.937530104,-0.500510061,-0.486391115,0.676229423,-0.315662563,-0.409314498,-0.526476558,-2.499655476,2
328,328,홍제2동,-0.937530104,-0.500510061,-0.486391115,0.676229423,-0.315662563,-0.409314498,-0.526476558,-2.499655476,2
329,329,홍제3동,-0.937530104,-0.500510061,-0.486391115,0.676229423,-0.315662563,-0.409314498,-0.526476558,-2.499655476,2
330,330,화곡1동,1.232438388,-0.368135828,-0.347827802,0.676229423,0.763469407,0.814869435,-0.04984386,2.721199163,5
331,331,화곡2동,1.232438388,-0.368135828,-0.347827802,0.676229423,0.763469407,0.814869435,-0.04984386,2.721199163,5
332,332,화곡3동,1.232438388,-0.368135828,-0.347827802,0.676229423,0.763469407,0.814869435,-0.04984386,2.721199163,5
333,333,화곡4동,1.232438388,-0.368135828,-0.347827802,0.676229423,0.763469407,0.814869435,-0.04984386,2.721199163,5
334,334,화곡6동,1.232438388,-0.368135828,-0.347827802,0.676229423,0.763469407,0.814869435,-0.04984386,2.721199163,5
335,335,화곡8동,1.232438388,-0.368135828,-0.347827802,0.676229423,0.763469407,0.814869435,-0.04984386,2.721199163,5
336,336,화곡본동,0.060745849,-0.591619487,-0.570943309,-2.486170864,-0.285697923,0.794415294,0.215889899,-2.863380541,2
337,337,화양동,-0.733214889,0.826092209,0.544811483,0.676229423,1.319353973,0.379488423,1.421222773,4.433983395,5
338,338,황학동,0.633113757,-0.401221453,-0.438498989,-0.896862001,0.504477734,0.491587744,-0.262272104,-0.369675313,3
339,339,회기동,-0.382121502,0.253287656,0.22727979,0.676229423,0.28233447,0.185561693,-0.149147316,1.093424215,4
340,340,회현동,0.974108806,-0.274382762,-0.14122725,-0.913079439,-0.071410254,-2.049684384,-0.368049615,-2.8437249,2
341,341,효창동,0.819111056,0.122002923,-0.019169093,-2.080734929,-1.357556194,-0.082190771,-0.266625383,-2.865162392,2
342,342,후암동,-0.293693299,-0.083930412,-0.094008549,-0.588730691,0.087564309,-0.269035444,-0.090289136,-1.332123222,3
343,343,흑석동,-0.612772915,-0.088679113,-0.176910764,0.676229423,-0.12510365,-0.607353857,-0.274250735,-1.20884161,3
