,상호명,행정동명,행정동코드
21000,갈맥상점,양평2동,1156062000
21001,너도나도식당,양평2동,1156062000
21002,부흥쌈밥식당,양평2동,1156062000
21003,찬스커피,양평2동,1156062000
21004,마라하오,양평2동,1156062000
21005,엘카페커피로스터스,양평2동,1156062000
21006,선유중학교,양평2동,1156062000
21007,산타클로스비어,양평2동,1156062000
21008,에이바우트커피,양평2동,1156062000
21009,홍앤브레드,양평2동,1156062000
21010,교촌치킨,양평2동,1156062000
21011,커피시네마,양평2동,1156062000
21012,제레미버거,양평2동,1156062000
21013,그라찌에,양평2동,1156062000
21014,선유슬로우,양평2동,1156062000
21015,할리스커피,양평2동,1156062000
21016,진순자계란말이김밥,양평2동,1156062000
21017,이필당,양평2동,1156062000
21018,팝콘노래클럽,양평2동,1156062000
21019,투썸플레이스선유도역점,양평2동,1156062000
21020,대원숯불갈비,양평2동,1156062000
21021,수수국수,양평2동,1156062000
21022,전주집,양평2동,1156062000
21023,선유나루,양평2동,1156062000
21024,마산해물,양평2동,1156062000
21025,파스타입니다,양평2동,1156062000
21026,이디야커피,양평2동,1156062000
21027,보은하다,양평2동,1156062000
21028,윙스커피,양평2동,1156062000
21029,원대구탕,양평2동,1156062000
21030,레드인,양평2동,1156062000
21031,리원,양평2동,1156062000
21032,무아지경,양평2동,1156062000
21033,원조꼬리곰탕설렁탕,양평2동,1156062000
21034,카페워너비,양평2동,1156062000
21035,목포회집,양평2동,1156062000
21036,보네스뻬,양평2동,1156062000
21037,롯데삼강,양평2동,1156062000
21038,스타벅스,양평2동,1156062000
21039,진도홍어,양평2동,1156062000
21040,티지이카페,양평2동,1156062000
21041,선어수산52,양평2동,1156062000
21042,보니타커피,양평2동,1156062000
21043,베어베이크,양평2동,1156062000
21044,캔고투,양평2동,1156062000
21045,스타벅스,양평2동,1156062000
21046,FBCOFFEEROASTERS,양평2동,1156062000
21047,커피그래피티,양평2동,1156062000
21048,놀부부대찌개앤철판구이,양평2동,1156062000
21049,59피자,양평2동,1156062000
21050,양평옥꼬리곰탕,양평2동,1156062000
21051,밀루필로,양평2동,1156062000
21052,바삭하게,양평2동,1156062000
21053,선유도국수집,양평2동,1156062000
21054,롯데제과롯데푸드,양평2동,1156062000
21055,루나제이커피,양평2동,1156062000
21056,진국닭한마리,양평2동,1156062000
21057,천국이네김밥,연남동,1144071000
21058,시골집할머니네생선구이,연남동,1144071000
21059,아담한식탁,연남동,1144071000
21060,다움383,연남동,1144071000
21061,홍성,연남동,1144071000
21062,감성마켓,연남동,1144071000
21063,딩가케이크,연남동,1144071000
21064,더리퀴드,연남동,1144071000
21065,호라이즌식스틴,연남동,1144071000
21066,연남방앗간,연남동,1144071000
21067,연남동돼지구이백반,연남동,1144071000
21068,양갱식당,연남동,1144071000
21069,리이슈커피로스터스,연남동,1144071000
21070,청춘물약,연남동,1144071000
21071,성격양식,연남동,1144071000
21072,홍반장찹쌀순대&감자탕전문점,연남동,1144071000
21073,동남방아간,연남동,1144071000
21074,홍쌤떡볶이,연남동,1144071000
21075,동백,연남동,1144071000
21076,운광해물포차,연남동,1144071000
21077,스시노백쉐프,연남동,1144071000
21078,만화방구,연남동,1144071000
21079,별빛카페달빛차,연남동,1144071000
21080,밥스바비연남점,연남동,1144071000
21081,에이제곱,연남동,1144071000
21082,팬더초마,연남동,1144071000
21083,상암고을감자탕,연남동,1144071000
21084,봉구비어,연남동,1144071000
21085,옥타,연남동,1144071000
21086,강화통통생고기,연남동,1144071000
21087,어부라더,연남동,1144071000
21088,플루프커피,연남동,1144071000
21089,스시앤,연남동,1144071000
21090,골드식당,연남동,1144071000
21091,동해물과아구찜,연남동,1144071000
21092,이석덕생면파스타,연남동,1144071000
21093,감나무집,연남동,1144071000
21094,애정오뎅,연남동,1144071000
21095,비에프,연남동,1144071000
21096,이피,연남동,1144071000
21097,아카사니,연남동,1144071000
21098,제스티살룬,연남동,1144071000
21099,연남제비,연남동,1144071000
21100,풍년숯불갈비,연남동,1144071000
21101,경양카츠,연남동,1144071000
21102,아임일리터,연남동,1144071000
21103,잠깐주점,연남동,1144071000
21104,작당모의,연남동,1144071000
21105,해즈밀,연남동,1144071000
21106,엔소쿠,연남동,1144071000
21107,매운국물떡볶이밀방떡,연남동,1144071000
21108,동양가배관,연남동,1144071000
21109,수라간,연남동,1144071000
21110,에스에프베이글,연남동,1144071000
21111,어나더쉐어,연남동,1144071000
21112,위아소울메이트,연남동,1144071000
21113,듀오란스,연남동,1144071000
21114,올어바웃어스,연남동,1144071000
21115,게슈탈트커피,연남동,1144071000
21116,한가커피,연남동,1144071000
21117,혼네라멘,연남동,1144071000
21118,곤로야끼니꾸,연남동,1144071000
21119,오스테리아레스또,연남동,1144071000
21120,톨테일,연남동,1144071000
21121,그렇게카페가된다,연남동,1144071000
21122,찰미당,연남동,1144071000
21123,어나더룸,연남동,1144071000
21124,마스터피스핫도그펍,연남동,1144071000
21125,포코리트,연남동,1144071000
21126,연피랑,연남동,1144071000
21127,베이커런트,연남동,1144071000
21128,원모어프로포즈,연남동,1144071000
21129,보통공간,연남동,1144071000
21130,더다믐,연남동,1144071000
21131,플러피도넛,연남동,1144071000
21132,오이정,연남동,1144071000
21133,카페바잇미,연남동,1144071000
21134,밀라노식당,연남동,1144071000
21135,제이드럭,연남동,1144071000
21136,올디너리포차,연남동,1144071000
21137,고향손칼국수,신당동,1114061500
21138,평화식당,신당동,1114061500
21139,한양식당,신당동,1114061500
21140,종점떡볶이,신당동,1114061500
21141,승리호프,신당동,1114061500
21142,7번가피자,신당동,1114061500
21143,제일할매냉면,신당동,1114061500
21144,중앙갈비,신당동,1114061500
21145,신평화B동식당,신당동,1114061500
21146,동대문김밥,신당동,1114061500
21147,마복림할머니떡볶이,신당동,1114061500
21148,본가호프,신당동,1114061500
21149,장독대,신당동,1114061500
21150,BBQ치킨,신당동,1114061500
21151,배스킨라빈스31신당점,신당동,1114061500
21152,치킨프로종합주방,신당동,1114061500
21153,베스킨라빈스신당점,신당동,1114061500
21154,장수보리밥,신당동,1114061500
21155,일마레,신당동,1114061500
21156,북해빙수,신당동,1114061500
21157,소문난집,신당동,1114061500
21158,매운녀석들,신당동,1114061500
21159,미선미식성,신당동,1114061500
21160,전주식당,신당동,1114061500
21161,이디야커피,신당동,1114061500
21162,스타벅스,신당동,1114061500
21163,맥다방,신당동,1114061500
21164,느티나무설렁탕,신당동,1114061500
21165,커피베이,신당동,1114061500
21166,빼자F&B,신당동,1114061500
21167,한방닭강정,신당동,1114061500
21168,도도베르구이치킨신당점,신당동,1114061500
21169,재즈클럽,신당동,1114061500
21170,임진각식당,신당동,1114061500
21171,꽃다방,신당동,1114061500
21172,마요,신당동,1114061500
21173,우육미,신당동,1114061500
21174,피어커피광희문,신당동,1114061500
21175,명품임실피자,신당동,1114061500
21176,컴포즈커피,신당동,1114061500
21177,한우진사갈비,신당동,1114061500
21178,경성찹쌀꽈배기,신당동,1114061500
21179,꽈대리옥수수꽈배기,신당동,1114061500
21180,스페이스민,신당동,1114061500
21181,프롱,신당동,1114061500
21182,곰부부식당,신당동,1114061500
21183,원조쭈꾸미왕소금숯불구이,신당동,1114061500
21184,수협바다마트,신당동,1114061500
21185,피자디포우,신당동,1114061500
21186,누죤떼루와,신당동,1114061500
21187,이조갈비,신당동,1114061500
21188,뻘하우스,신당동,1114061500
21189,구관스넥,신당동,1114061500
21190,루외루,신당동,1114061500
21191,BBQ치킨,신당동,1114061500
21192,한우미락,신당동,1114061500
21193,레드썬,신당동,1114061500
21194,만경식당,신당동,1114061500
21195,사천요리소홍우,신당동,1114061500
21196,행진,신당동,1114061500
21197,에쏘르호프광장,신당동,1114061500
21198,홍대울트라쪽갈비&홍두깨살김치찌개,신당동,1114061500
21199,효자동갈비찜,신당동,1114061500
21200,다채,신당동,1114061500
21201,고향정식당,신당동,1114061500
21202,카페야,신당동,1114061500
21203,심야다방,신당동,1114061500
21204,중국란주우육면,신당동,1114061500
21205,마복림할머니막내아들네,신당동,1114061500
21206,아리가또,신당동,1114061500
21207,성도,신당동,1114061500
21208,이선생족발,신당동,1114061500
21209,천미홍어낙지아구찜,신당동,1114061500
21210,포차놀러와,신당동,1114061500
21211,기와집,신당동,1114061500
21212,보리수,신당동,1114061500
21213,차지우,신당동,1114061500
21214,커피항아리&새싹김밥,신당동,1114061500
21215,금강,신당동,1114061500
21216,대추나무포차,신당동,1114061500
21217,The드림,독산2동,1154562000
21218,항아리식당,독산2동,1154562000
21219,피자나라치킨공주서울독산2호점,독산2동,1154562000
21220,24시포차,독산2동,1154562000
21221,커피에반하다,독산2동,1154562000
21222,광계토숯불바베큐,독산2동,1154562000
21223,대림갈비살,독산2동,1154562000
21224,정분식,독산2동,1154562000
21225,인디오븐,독산2동,1154562000
21226,펀비어킹,독산2동,1154562000
21227,신안수산,독산2동,1154562000
21228,KOREA숯불바베큐,독산2동,1154562000
21229,옥주식당,독산2동,1154562000
21230,남문뒷고기,독산2동,1154562000
21231,싱싱종합어시장,독산2동,1154562000
21232,서울고기뷔페,독산2동,1154562000
21233,산애들밥상,독산2동,1154562000
21234,소문난근고기집,독산2동,1154562000
21235,원할머니보쌈족발,독산2동,1154562000
21236,모노,독산2동,1154562000
21237,언덕배기,독산2동,1154562000
21238,행스카페,독산2동,1154562000
21239,청진동해장국금천점,독산2동,1154562000
21240,커피온유,독산2동,1154562000
21241,투마리치킨,독산2동,1154562000
21242,아미감자탕순대국,독산2동,1154562000
21243,채영진의명품생고기무한리필,독산2동,1154562000
21244,주연치킨호프,독산2동,1154562000
21245,용까스용뽀끼,독산2동,1154562000
21246,돈유창,독산2동,1154562000
21247,싱싱수산,독산2동,1154562000
21248,도시락,독산2동,1154562000
21249,바우네나주곰탕,독산2동,1154562000
21250,컴포즈커피,독산2동,1154562000
21251,커피아일랜드,독산2동,1154562000
21252,런치킨,독산2동,1154562000
21253,우리풍천장어,독산2동,1154562000
21254,종로떡집,독산2동,1154562000
21255,옛날곱창,독산2동,1154562000
21256,대가,독산2동,1154562000
21257,한마음식당,독산2동,1154562000
21258,송원식당,독산2동,1154562000
21259,동호프라스틱,독산2동,1154562000
21260,카페네,독산2동,1154562000
21261,고향식당,독산2동,1154562000
21262,신호탄,독산2동,1154562000
21263,화성정,독산2동,1154562000
21264,털보해물아구,독산2동,1154562000
21265,cafedozen,독산2동,1154562000
21266,정갈한찬,독산2동,1154562000
21267,연지다방,독산2동,1154562000
21268,쌍쌍,독산2동,1154562000
21269,파파카페,독산2동,1154562000
21270,낙지만두랑쭈꾸미만두,독산2동,1154562000
21271,파스타입니다,독산2동,1154562000
21272,짝태&노가리,독산2동,1154562000
21273,로마7080라이브,독산2동,1154562000
21274,감성낙곱새,독산2동,1154562000
21275,꽃향기칼국수,독산2동,1154562000
21276,랑데뷰,독산2동,1154562000
21277,배짱이와재미,독산2동,1154562000
21278,서울식당,독산2동,1154562000
21279,우돈숯불구이,독산2동,1154562000
21280,비어짠맥주소주,독산2동,1154562000
21281,썅외훈제전문점,독산2동,1154562000
21282,곱창앤닭발,독산2동,1154562000
21283,해피노가리,독산2동,1154562000
21284,꿀마니닭강정,독산2동,1154562000
21285,동양식당,독산2동,1154562000
21286,처갓집양념치킨,독산2동,1154562000
21287,피자이탈리,독산2동,1154562000
21288,런던7080Live,독산2동,1154562000
21289,새하니허브닭강정,독산2동,1154562000
21290,왕돈까스왕냉면,독산2동,1154562000
21291,명랑시대쌀핫도그,독산2동,1154562000
21292,두가지떡볶이,독산2동,1154562000
21293,불불,독산2동,1154562000
21294,한잔포차,독산2동,1154562000
21295,목로주점,독산2동,1154562000
21296,"흥부찜닭,공수간,삼겹본능",독산2동,1154562000
21297,미미,송중동,1130554500
21298,명동갈비,송중동,1130554500
21299,스타벅스미아사거리역점,송중동,1130554500
21300,할매국수,송중동,1130554500
21301,라스베리과자점,송중동,1130554500
21302,도쿄짬뽕,송중동,1130554500
21303,전주콩나물국밥,송중동,1130554500
21304,빅토리아뷔페,송중동,1130554500
21305,폭스,송중동,1130554500
21306,쿠킹스테이,송중동,1130554500
21307,벤투라커피,송중동,1130554500
21308,까페로움,송중동,1130554500
21309,완전E개판,송중동,1130554500
21310,열날개,송중동,1130554500
21311,토다이,송중동,1130554500
21312,뉴셀프수산,송중동,1130554500
21313,소문난순대국,송중동,1130554500
21314,돌아온새벽김밥,송중동,1130554500
21315,엔젤리너스미아삼거리,송중동,1130554500
21316,귀족생골뱅이,송중동,1130554500
21317,낙산보리밥,송중동,1130554500
21318,지동닭갈비,송중동,1130554500
21319,친절식당,송중동,1130554500
21320,밀선생,송중동,1130554500
21321,카페,송중동,1130554500
21322,산성골숯불갈비,송중동,1130554500
21323,인생불고기,송중동,1130554500
21324,호남감자탕,송중동,1130554500
21325,미삼포차,송중동,1130554500
21326,미아리대게,송중동,1130554500
21327,갈마지차차차,송중동,1130554500
21328,달코롬커피앤디저트,송중동,1130554500
21329,원조거북곱창구이,송중동,1130554500
21330,향초고기먹는날,송중동,1130554500
21331,황금어장,송중동,1130554500
21332,명륜진사갈비,송중동,1130554500
21333,불만난막창,송중동,1130554500
21334,도토리편백집,송중동,1130554500
21335,유미마라탕,송중동,1130554500
21336,썬데이스낵,송중동,1130554500
21337,깃든,송중동,1130554500
21338,뉴욕야시장,송중동,1130554500
21339,새미락,송중동,1130554500
21340,스시키보우,송중동,1130554500
21341,피자파르마,송중동,1130554500
21342,명동찌개마을,송중동,1130554500
21343,진세네닭도리곱도리탕,송중동,1130554500
21344,투썸플레이스,송중동,1130554500
21345,우리집칼국수,송중동,1130554500
21346,친절갈비,송중동,1130554500
21347,살롱드곱떡,송중동,1130554500
21348,홍가네보쌈,송중동,1130554500
21349,오가다,송중동,1130554500
21350,크리스피크림미아점,송중동,1130554500
21351,명륜진사갈비,송중동,1130554500
21352,황소집,송중동,1130554500
21353,미아회관,송중동,1130554500
21354,부페마루&파티퀸출장부페,송중동,1130554500
21355,대성떡집,송중동,1130554500
21356,군포안자갈비,송중동,1130554500
21357,교촌치킨,송중동,1130554500
21358,데이탠파스타,송중동,1130554500
21359,59피자,송중동,1130554500
21360,엔제리너스,송중동,1130554500
21361,비빔밥포차,송중동,1130554500
21362,파티호프,송중동,1130554500
21363,송연95닭갈비,송중동,1130554500
21364,배스킨라빈스31,송중동,1130554500
21365,안심한우우리돼지,송중동,1130554500
21366,소문난순대국,송중동,1130554500
21367,삼성소곱창,송중동,1130554500
21368,술짝,송중동,1130554500
21369,박리김밥,송중동,1130554500
21370,맥주공장,송중동,1130554500
21371,그래인스,송중동,1130554500
21372,일도씨닭갈비,송중동,1130554500
21373,양지식당,송중동,1130554500
21374,옛날포차,송중동,1130554500
21375,공차,송중동,1130554500
21376,유별난떡볶이,송중동,1130554500
21377,울랄라포장마차,남가좌2동,1141070000
21378,맥도날드명지대점,남가좌2동,1141070000
21379,봄날,남가좌2동,1141070000
21380,필,남가좌2동,1141070000
21381,고기집,남가좌2동,1141070000
21382,대국,남가좌2동,1141070000
21383,유월의살구나무,남가좌2동,1141070000
21384,백년칼국수,남가좌2동,1141070000
21385,부산일식,남가좌2동,1141070000
21386,완숙,남가좌2동,1141070000
21387,치킨시대명지대점,남가좌2동,1141070000
21388,레드후라이팬,남가좌2동,1141070000
21389,미소떡볶이,남가좌2동,1141070000
21390,폰플러스카페서대문점,남가좌2동,1141070000
21391,여수집,남가좌2동,1141070000
21392,주인백파스타,남가좌2동,1141070000
21393,7번가피자,남가좌2동,1141070000
21394,칸,남가좌2동,1141070000
21395,가든쿡,남가좌2동,1141070000
21396,여리네닭갈비,남가좌2동,1141070000
21397,노브랜드버거,남가좌2동,1141070000
21398,제육대가,남가좌2동,1141070000
21399,부안식당,남가좌2동,1141070000
21400,백채김치찌개,남가좌2동,1141070000
21401,기쁨이네,남가좌2동,1141070000
21402,자연갈비,남가좌2동,1141070000
21403,돈까스전문점하늘정원,남가좌2동,1141070000
21404,강고집,남가좌2동,1141070000
21405,비어시티,남가좌2동,1141070000
21406,샐러디,남가좌2동,1141070000
21407,이삭토스트명지대점,남가좌2동,1141070000
21408,환이네포장마차,남가좌2동,1141070000
21409,멕시카나치킨,남가좌2동,1141070000
21410,랩1,남가좌2동,1141070000
21411,배스킨라빈스31,남가좌2동,1141070000
21412,자매식당,남가좌2동,1141070000
21413,서울지짐이,남가좌2동,1141070000
21414,고기좋은날,남가좌2동,1141070000
21415,BHC치킨,남가좌2동,1141070000
21416,술찾사,남가좌2동,1141070000
21417,어뮤즈그라운드,남가좌2동,1141070000
21418,청춘보쌈,남가좌2동,1141070000
21419,유일한베이커리,남가좌2동,1141070000
21420,꼬꼬불닭발,남가좌2동,1141070000
21421,모두다가치카페,남가좌2동,1141070000
21422,한솥도시락명지대앞점,남가좌2동,1141070000
21423,1번지포차,남가좌2동,1141070000
21424,모두뼈다귀감자탕,남가좌2동,1141070000
21425,엠제이,남가좌2동,1141070000
21426,뚜레쥬르,남가좌2동,1141070000
21427,닭발상점,남가좌2동,1141070000
21428,담은충무김밥,남가좌2동,1141070000
21429,숯불애,남가좌2동,1141070000
21430,이디야커피,남가좌2동,1141070000
21431,명지대박곱창,남가좌2동,1141070000
21432,일로칡냉면,남가좌2동,1141070000
21433,그맛김밥,남가좌2동,1141070000
21434,커피벨,남가좌2동,1141070000
21435,꼬꼬야닭먹자,남가좌2동,1141070000
21436,헤미,남가좌2동,1141070000
21437,엄마분식,남가좌2동,1141070000
21438,무지개,남가좌2동,1141070000
21439,까페여름,남가좌2동,1141070000
21440,롯데리아명지대학점,남가좌2동,1141070000
21441,황금알닭갈비,남가좌2동,1141070000
21442,청솔식당,남가좌2동,1141070000
21443,맘스터치명지대점,남가좌2동,1141070000
21444,맛젤치킨,남가좌2동,1141070000
21445,마주,남가좌2동,1141070000
21446,아르떼,남가좌2동,1141070000
21447,카페,남가좌2동,1141070000
21448,응급실국물떡볶이,남가좌2동,1141070000
21449,BHC치킨,남가좌2동,1141070000
21450,카페,남가좌2동,1141070000
21451,"포차1,2,3",남가좌2동,1141070000
21452,셀렉토커피,남가좌2동,1141070000
21453,우리치즈밥있슈,남가좌2동,1141070000
21454,착한피자,남가좌2동,1141070000
21455,비스트로35,남가좌2동,1141070000
21456,교촌치킨,남가좌2동,1141070000
21457,Anscoffee,평창동,1111056000
21458,산울림,평창동,1111056000
21459,카페라파미,평창동,1111056000
21460,카페디키미,평창동,1111056000
21461,톨레도,평창동,1111056000
21462,옛날민속집1호점,평창동,1111056000
21463,자금성,평창동,1111056000
21464,수자네,평창동,1111056000
21465,빌레스토랑,평창동,1111056000
21466,피자킹,평창동,1111056000
21467,로얄차이나,평창동,1111056000
21468,다락방,평창동,1111056000
21469,파리바게뜨종로구기,평창동,1111056000
21470,동병상련,평창동,1111056000
21471,톰스피자치킨호프,평창동,1111056000
21472,페리카나,평창동,1111056000
21473,푸드인온새미로,평창동,1111056000
21474,오장함흥집,평창동,1111056000
21475,VOGUM,평창동,1111056000
21476,죽이야기평창동점,평창동,1111056000
21477,한우마을,평창동,1111056000
21478,호금,평창동,1111056000
21479,금해복집,평창동,1111056000
21480,카페로브,평창동,1111056000
21481,포장마차,평창동,1111056000
21482,TABLE88-2,평창동,1111056000
21483,루나리치,평창동,1111056000
21484,감나무집,평창동,1111056000
21485,시골돼지생삼겹살,평창동,1111056000
21486,이조갈비,평창동,1111056000
21487,리틀톰스피자,평창동,1111056000
21488,더코너키친평창,평창동,1111056000
21489,파파샌드,평창동,1111056000
21490,엠아이씨,평창동,1111056000
21491,커피애비뉴평창동점,평창동,1111056000
21492,왓츠피데,평창동,1111056000
21493,구기촌,평창동,1111056000
21494,일품당,평창동,1111056000
21495,김종영미술관카페,평창동,1111056000
21496,에이엠쓰리,평창동,1111056000
21497,만남의광장,평창동,1111056000
21498,갤러리인카페,평창동,1111056000
21499,샤부랑탕이랑,평창동,1111056000
21500,일식호림,평창동,1111056000
21501,스위스레스토랑,평창동,1111056000
21502,파리바게뜨,평창동,1111056000
21503,애플파이,평창동,1111056000
21504,올리브,평창동,1111056000
21505,이식당,평창동,1111056000
21506,오병이어,평창동,1111056000
21507,까페인코나,평창동,1111056000
21508,슈타인보크,평창동,1111056000
21509,광화문연가,평창동,1111056000
21510,가나아트레스토랑,평창동,1111056000
21511,평창동칼국수,평창동,1111056000
21512,옛날숯불돼지갈비,평창동,1111056000
21513,평창동북카페소담원,평창동,1111056000
21514,설악칡솔냉면,평창동,1111056000
21515,다다,평창동,1111056000
21516,아모르,평창동,1111056000
21517,백석동주,평창동,1111056000
21518,피자앓이,평창동,1111056000
21519,북커스,평창동,1111056000
21520,호림스시,평창동,1111056000
21521,교촌치킨,평창동,1111056000
21522,태성골뱅이,평창동,1111056000
21523,평창동김밥,평창동,1111056000
21524,이모네산장,평창동,1111056000
21525,아끼,평창동,1111056000
21526,카페,평창동,1111056000
21527,만나식당,평창동,1111056000
21528,솔비어파트너스,평창동,1111056000
21529,오장면옥,평창동,1111056000
21530,타임투플레이,평창동,1111056000
21531,이엔갤러리,평창동,1111056000
21532,카페카자드지나,평창동,1111056000
21533,스피키지인모네,평창동,1111056000
21534,프랑지파니플라워아뜰리에,평창동,1111056000
21535,오복집,평창동,1111056000
21536,춘천식당,평창동,1111056000
21537,오뚜기아구찜,장위2동,1129077000
21538,윤경이네족발보쌈,장위2동,1129077000
21539,무학성,장위2동,1129077000
21540,두정푸드,장위2동,1129077000
21541,왕돈가스전문점패티앤빅,장위2동,1129077000
21542,마산아구찜미더덕본점,장위2동,1129077000
21543,샘터해장국,장위2동,1129077000
21544,손큰할매순대국돌곶,장위2동,1129077000
21545,장미,장위2동,1129077000
21546,메기대왕,장위2동,1129077000
21547,시골집포장마차,장위2동,1129077000
21548,페리카나치킨,장위2동,1129077000
21549,천수촌,장위2동,1129077000
21550,서울회집,장위2동,1129077000
21551,더꼬치다,장위2동,1129077000
21552,오성초밥,장위2동,1129077000
21553,장위동찌개마을,장위2동,1129077000
21554,푸라닭치킨,장위2동,1129077000
21555,레브커피,장위2동,1129077000
21556,커피타임,장위2동,1129077000
21557,유빈네만두,장위2동,1129077000
21558,깡통속별별이야기,장위2동,1129077000
21559,케이크미유,장위2동,1129077000
21560,영구네,장위2동,1129077000
21561,우리농축산물전문판매점,장위2동,1129077000
21562,똘비족발,장위2동,1129077000
21563,숙이네,장위2동,1129077000
21564,윤경이네족발보쌈앤곱창,장위2동,1129077000
21565,발효명가기와집갈비,장위2동,1129077000
21566,불타는생고기,장위2동,1129077000
21567,대박포차,장위2동,1129077000
21568,썬더치킨,장위2동,1129077000
21569,후라이드참잘하는집장위점,장위2동,1129077000
21570,짝참숯갈비,장위2동,1129077000
21571,그린필드,장위2동,1129077000
21572,우연,장위2동,1129077000
21573,오신매운갈비찜,장위2동,1129077000
21574,레드홀,장위2동,1129077000
21575,다래호프,장위2동,1129077000
21576,우리농.축산물전문매장식당,장위2동,1129077000
21577,향미당,장위2동,1129077000
21578,동네분식,장위2동,1129077000
21579,장위동찌개마을,장위2동,1129077000
21580,한스친친,장위2동,1129077000
21581,마니커랜드,장위2동,1129077000
21582,땅스부대찌개,장위2동,1129077000
21583,오늘호프,장위2동,1129077000
21584,한아름반찬,장위2동,1129077000
21585,이자카야준,장위2동,1129077000
21586,민승식당,장위2동,1129077000
21587,벌떡,장위2동,1129077000
21588,이디야커피,장위2동,1129077000
21589,매워도다시한번,장위2동,1129077000
21590,영자네곱창,장위2동,1129077000
21591,다솜,장위2동,1129077000
21592,커피마마,장위2동,1129077000
21593,바다회수산,장위2동,1129077000
21594,초원갈비,장위2동,1129077000
21595,네네치킨,장위2동,1129077000
21596,@엽기떡볶이2,장위2동,1129077000
21597,자매도시락,장위2동,1129077000
21598,카페임,장위2동,1129077000
21599,진미식당,장위2동,1129077000
21600,산전수전,장위2동,1129077000
21601,미쳐버린파닭장위월곡점,장위2동,1129077000
21602,마산아구찜산꽃게,장위2동,1129077000
21603,초원도시락,장위2동,1129077000
21604,영구네,장위2동,1129077000
21605,은하수,장위2동,1129077000
21606,반올림피자샵장위,장위2동,1129077000
21607,만봉이네소주호프,장위2동,1129077000
21608,별이네식당,장위2동,1129077000
21609,수영이네튀김,장위2동,1129077000
21610,5500012Caffe,장위2동,1129077000
21611,풍천장어,장위2동,1129077000
21612,동해아구찜,장위2동,1129077000
21613,흥남면옥,장위2동,1129077000
21614,우리닭한마리,장위2동,1129077000
21615,진미식당,장위2동,1129077000
21616,우리농축산물식당,장위2동,1129077000
21617,이디야커피,시흥2동,1154568000
21618,은행나무숯불갈비,시흥2동,1154568000
21619,카페아이엠티금천시흥점,시흥2동,1154568000
21620,푸짐한닭한마리,시흥2동,1154568000
21621,커피에반하다,시흥2동,1154568000
21622,하나은행,시흥2동,1154568000
21623,여우치킨,시흥2동,1154568000
21624,테라스,시흥2동,1154568000
21625,피자스쿨,시흥2동,1154568000
21626,헤어라떼,시흥2동,1154568000
21627,계경목장,시흥2동,1154568000
21628,뽕다방,시흥2동,1154568000
21629,안동칼국수,시흥2동,1154568000
21630,교촌치킨,시흥2동,1154568000
21631,청소년카페OHO,시흥2동,1154568000
21632,파리바게뜨,시흥2동,1154568000
21633,매꼬만명태찜,시흥2동,1154568000
21634,쌍둥이네생삼겹살,시흥2동,1154568000
21635,낙원떡방아간,시흥2동,1154568000
21636,쌍둥이네,시흥2동,1154568000
21637,청년다방,시흥2동,1154568000
21638,본죽,시흥2동,1154568000
21639,맵꼬만명태,시흥2동,1154568000
21640,코바코,시흥2동,1154568000
21641,마실,시흥2동,1154568000
21642,유진바베큐치킨,시흥2동,1154568000
21643,꾸루꾸루,시흥2동,1154568000
21644,퐁당카롱,시흥2동,1154568000
21645,팡더레체,시흥2동,1154568000
21646,명랑시대쌀핫도그,시흥2동,1154568000
21647,엠마케익하우스,시흥2동,1154568000
21648,비비큐올리브떡볶이시흥벽산,시흥2동,1154568000
21649,레드컵스,시흥2동,1154568000
21650,우리김밥,시흥2동,1154568000
21651,교촌치킨,시흥2동,1154568000
21652,성지골추어탕,시흥2동,1154568000
21653,예다손,시흥2동,1154568000
21654,토마토,시흥2동,1154568000
21655,달그락,시흥2동,1154568000
21656,유진바베큐치킨,시흥2동,1154568000
21657,신전떡볶이,시흥2동,1154568000
21658,꽃보다김밥,시흥2동,1154568000
21659,고봉민김밥인,시흥2동,1154568000
21660,네네치킨,시흥2동,1154568000
21661,쪼끼쪼끼시즌2,시흥2동,1154568000
21662,여우치킨,시흥2동,1154568000
21663,와플대학,시흥2동,1154568000
21664,성은분식가게,시흥2동,1154568000
21665,건대포차,시흥2동,1154568000
21666,우리동네아이스크림할인점,시흥2동,1154568000
21667,쑈라죠마라탕,시흥2동,1154568000
21668,커들리,시흥2동,1154568000
21669,"이제,빵",시흥2동,1154568000
21670,보르도피자,서빙고동,1117069000
21671,동빙고다방,서빙고동,1117069000
21672,비어앤펜슬,서빙고동,1117069000
21673,스타벅스,서빙고동,1117069000
21674,부영사철탕,서빙고동,1117069000
21675,튀김집,서빙고동,1117069000
21676,북카페자유다,서빙고동,1117069000
21677,으뜸,서빙고동,1117069000
21678,한강나루,서빙고동,1117069000
21679,햄버거맨,서빙고동,1117069000
21680,YI쟁이,서빙고동,1117069000
21681,고려갈비슈퍼,서빙고동,1117069000
21682,마루,서빙고동,1117069000
21683,한강가든,서빙고동,1117069000
21684,스탠다드원다이너,서빙고동,1117069000
21685,칠프로칠백식당,서빙고동,1117069000
21686,더베이크드바이셰프리,서빙고동,1117069000
21687,하나은행,서빙고동,1117069000
21688,제1보급소,서빙고동,1117069000
21689,진이네,서빙고동,1117069000
21690,남산족발,서빙고동,1117069000
21691,바닷가에서,서빙고동,1117069000
21692,브라이튼하우스,서빙고동,1117069000
21693,웨스트빙고,서빙고동,1117069000
21694,라이트브라더스,서빙고동,1117069000
21695,투썸플레이스국립중앙박물관1호점,서빙고동,1117069000
21696,이노사,서빙고동,1117069000
21697,만나분식,서빙고동,1117069000
21698,모란,서빙고동,1117069000
21699,바로크빵,서빙고동,1117069000
21700,다채움,서빙고동,1117069000
21701,오리지널팬케이크하우스코리아,서빙고동,1117069000
21702,씨제이프레시웨이국립중앙박물관거울못식당,서빙고동,1117069000
21703,에렉스에프앤비국립중앙박,서빙고동,1117069000
21704,청자,서빙고동,1117069000
21705,쭈로,서빙고동,1117069000
21706,고흥집해란,서빙고동,1117069000
21707,배불뚜기,서빙고동,1117069000
21708,커피매니아,서빙고동,1117069000
21709,어썸,서빙고동,1117069000
21710,고고,서빙고동,1117069000
21711,더치즈케이크,서빙고동,1117069000
21712,카페,서빙고동,1117069000
21713,냉면덕후,서빙고동,1117069000
21714,1인한식당,서빙고동,1117069000
21715,서울식당,서빙고동,1117069000
21716,"이,쟁이",서빙고동,1117069000
21717,백자,서빙고동,1117069000
21718,거울못카페,서빙고동,1117069000
21719,차이나궁,서빙고동,1117069000
21720,레스토랑오늘,서빙고동,1117069000
21721,디리베,서빙고동,1117069000
21722,페리카나,서빙고동,1117069000
21723,한양치킨,서빙고동,1117069000
21724,우진정육점식당,서빙고동,1117069000
21725,다채,서빙고동,1117069000
21726,식물학커피로스터스,서빙고동,1117069000
21727,사유,서빙고동,1117069000
21728,서빙고부대찌개,서빙고동,1117069000
21729,곰,서빙고동,1117069000
21730,응삼이네분식,서빙고동,1117069000
21731,안티트러스트,서빙고동,1117069000
21732,우영각,서빙고동,1117069000
21733,뽀르누서울,서빙고동,1117069000
21734,돈까스잔치,서빙고동,1117069000
21735,켈러,서빙고동,1117069000
21736,마리네도시락,서빙고동,1117069000
21737,행사장이동식간이음식점,서빙고동,1117069000
21738,우진식당,서빙고동,1117069000
21739,일삼일,서빙고동,1117069000
21740,코끼리스넥,서빙고동,1117069000
21741,JS커피,서빙고동,1117069000
21742,사유공간찻집,서빙고동,1117069000
21743,빙고180,서빙고동,1117069000
21744,빙고코다리·아구찜,서빙고동,1117069000
21745,그루터기,서빙고동,1117069000
21746,올어바웃커피랩,서빙고동,1117069000
21747,다쿠아즈,서빙고동,1117069000
21748,우진,서빙고동,1117069000
21749,루치오앨리,서빙고동,1117069000
21750,풍년보리밥쌈밥,독산3동,1154563000
21751,우리집음식점,독산3동,1154563000
21752,순댕이네얼큰수제비,독산3동,1154563000
21753,호남식당,독산3동,1154563000
21754,옛고을삼계탕,독산3동,1154563000
21755,명수사,독산3동,1154563000
21756,우진닭집,독산3동,1154563000
21757,최부자순대국,독산3동,1154563000
21758,용흥꼬치,독산3동,1154563000
21759,광명갈비,독산3동,1154563000
21760,치킨선생,독산3동,1154563000
21761,호남식당,독산3동,1154563000
21762,시골주먹고기,독산3동,1154563000
21763,진미집,독산3동,1154563000
21764,이모네식당,독산3동,1154563000
21765,공수간국민치킨,독산3동,1154563000
21766,한방즉석족발,독산3동,1154563000
21767,남원추어탕,독산3동,1154563000
21768,풍차,독산3동,1154563000
21769,용대리두루치기,독산3동,1154563000
21770,주문진포차,독산3동,1154563000
21771,풍성식당,독산3동,1154563000
21772,프로포즈,독산3동,1154563000
21773,밀레베이커리,독산3동,1154563000
21774,남문양꼬치,독산3동,1154563000
21775,족보잇는국밥,독산3동,1154563000
21776,탈렌트,독산3동,1154563000
21777,나비커피맥주,독산3동,1154563000
21778,소위오리목,독산3동,1154563000
21779,도깨비곱창,독산3동,1154563000
21780,옥돌고기촌,독산3동,1154563000
21781,국민삼오통닭,독산3동,1154563000
21782,만두랑김밥,독산3동,1154563000
21783,괴물떡볶이,독산3동,1154563000
21784,서울마님죽,독산3동,1154563000
21785,프랑세즈,독산3동,1154563000
21786,삼국지중국요리,독산3동,1154563000
21787,돈돈숯불돼지갈비,독산3동,1154563000
21788,시골파전,독산3동,1154563000
21789,길순,독산3동,1154563000
21790,이가네꽈배기,독산3동,1154563000
21791,또봉이통닭,독산3동,1154563000
21792,쉐프의꿈하얀풍차,독산3동,1154563000
21793,송림양꼬치,독산3동,1154563000
21794,다물고기구이전문,독산3동,1154563000
21795,일가무교동낙지,독산3동,1154563000
21796,버섯마을,독산3동,1154563000
21797,낙원떡집,독산3동,1154563000
21798,김가네,독산3동,1154563000
21799,청해진품횟집,독산3동,1154563000
21800,스타벅스,독산3동,1154563000
21801,풍천민물장어숯불구이,독산3동,1154563000
21802,다도회,독산3동,1154563000
21803,만나네마라탕,독산3동,1154563000
21804,남도추어탕,독산3동,1154563000
21805,차기사식당,독산3동,1154563000
21806,Lovecoffee,독산3동,1154563000
21807,여수생선조림쌈밥,독산3동,1154563000
21808,국수집,독산3동,1154563000
21809,이쁜오리,독산3동,1154563000
21810,남도아구찜,독산3동,1154563000
21811,한나라도시락,독산3동,1154563000
21812,미락식당,독산3동,1154563000
21813,탐나종합어시장,독산3동,1154563000
21814,정가네감자탕,독산3동,1154563000
21815,데일리,독산3동,1154563000
21816,연변찹쌀순대,독산3동,1154563000
21817,원노래바,독산3동,1154563000
21818,마포식당,독산3동,1154563000
21819,고향식당,독산3동,1154563000
21820,남규숯불고기,독산3동,1154563000
21821,느루커피,독산3동,1154563000
21822,매하구육천냥,독산3동,1154563000
21823,카페엘림,독산3동,1154563000
21824,시골밥상,독산3동,1154563000
21825,피자에땅,독산3동,1154563000
21826,복선식당,독산3동,1154563000
21827,말뚝곱창8호,독산3동,1154563000
21828,고향국집,독산3동,1154563000
21829,S에스,독산3동,1154563000
21830,쭈꾸미나라,중곡2동,1121575000
21831,도미노피자,중곡2동,1121575000
21832,정래선돈가스,중곡2동,1121575000
21833,중곡닭발,중곡2동,1121575000
21834,민물장어전문점,중곡2동,1121575000
21835,삼원갈비면옥,중곡2동,1121575000
21836,민지네감자탕해장국,중곡2동,1121575000
21837,성수쭈낙,중곡2동,1121575000
21838,기분좋은낙지,중곡2동,1121575000
21839,하이하이,중곡2동,1121575000
21840,금수산,중곡2동,1121575000
21841,평양식당,중곡2동,1121575000
21842,왔다기사식당,중곡2동,1121575000
21843,한양출장외식,중곡2동,1121575000
21844,식호락딜리버리,중곡2동,1121575000
21845,영원참치초밥,중곡2동,1121575000
21846,김밥나라중곡점,중곡2동,1121575000
21847,라우프,중곡2동,1121575000
21848,중랑포주먹고기,중곡2동,1121575000
21849,멕시칸치킨중곡2동점,중곡2동,1121575000
21850,만랩커피,중곡2동,1121575000
21851,더빈마켓,중곡2동,1121575000
21852,케케케이크,중곡2동,1121575000
21853,레이디언트,중곡2동,1121575000
21854,카페놀이터,중곡2동,1121575000
21855,시작스터디카페,중곡2동,1121575000
21856,어나더쏭,중곡2동,1121575000
21857,커피홍당무,중곡2동,1121575000
21858,푸라닭,중곡2동,1121575000
21859,카페OL,중곡2동,1121575000
21860,빌런비어,중곡2동,1121575000
21861,강릉집,중곡2동,1121575000
21862,사또7080라이브,중곡2동,1121575000
21863,등자감,중곡2동,1121575000
21864,뉴룰루랄라,중곡2동,1121575000
21865,청산냉면,중곡2동,1121575000
21866,고기처럼,중곡2동,1121575000
21867,커피마마,중곡2동,1121575000
21868,피자알볼로,중곡2동,1121575000
21869,조하푸드,중곡2동,1121575000
21870,스케치피자치킨,중곡2동,1121575000
21871,이모네돌솥밥,중곡2동,1121575000
21872,파리바게뜨,중곡2동,1121575000
21873,가마솥영양탕,중곡2동,1121575000
21874,올래상회,중곡2동,1121575000
21875,호남해물탕아구찜,중곡2동,1121575000
21876,후타리,중곡2동,1121575000
21877,달쫀,중곡2동,1121575000
21878,파리바게뜨,중곡2동,1121575000
21879,비버리캐슬,중곡2동,1121575000
21880,감탄떡볶이중곡점,중곡2동,1121575000
21881,모리본,중곡2동,1121575000
21882,전설푸드,중곡2동,1121575000
21883,광진축산물정육식당,중곡2동,1121575000
21884,카페원웨이,중곡2동,1121575000
21885,유유공방,중곡2동,1121575000
21886,이사장푸드뚝배기집,중곡2동,1121575000
21887,교촌치킨,중곡2동,1121575000
21888,토종순대국전문,중곡2동,1121575000
21889,호그,중곡2동,1121575000
21890,카페토크,중곡2동,1121575000
21891,맛깔식당,중곡2동,1121575000
21892,향식,중곡2동,1121575000
21893,맛깔식당,중곡2동,1121575000
21894,올리브도시락카페,중곡2동,1121575000
21895,고모네,중곡2동,1121575000
21896,초당호프,중곡2동,1121575000
21897,금용각,중곡2동,1121575000
21898,왕대박무한리필,중곡2동,1121575000
21899,너울가지,중곡2동,1121575000
21900,커피탕,중곡2동,1121575000
21901,목포항회.세꼬시,중곡2동,1121575000
21902,삼보수제갈비,중곡2동,1121575000
21903,포계촌,중곡2동,1121575000
21904,하카롱,중곡2동,1121575000
21905,헤르츠커피로스팅,중곡2동,1121575000
21906,독도마루참치,중곡2동,1121575000
21907,할매순대국,중곡2동,1121575000
21908,더블유더블유더블유,중곡2동,1121575000
21909,바92,중곡2동,1121575000
21910,감자바우곤드레밥,남가좌1동,1141069000
21911,단비,남가좌1동,1141069000
21912,고봉민김밥인,남가좌1동,1141069000
21913,광풍정육식당,남가좌1동,1141069000
21914,엄마맛집,남가좌1동,1141069000
21915,역전주야식당,남가좌1동,1141069000
21916,풍년떡집,남가좌1동,1141069000
21917,피카소,남가좌1동,1141069000
21918,수원갈비,남가좌1동,1141069000
21919,든든김밥,남가좌1동,1141069000
21920,스타벅스,남가좌1동,1141069000
21921,청년국물떡볶이,남가좌1동,1141069000
21922,예천식당,남가좌1동,1141069000
21923,도넛게임즈,남가좌1동,1141069000
21924,또래오래,남가좌1동,1141069000
21925,산해정,남가좌1동,1141069000
21926,양지노래방,남가좌1동,1141069000
21927,이스턴,남가좌1동,1141069000
21928,로맨스,남가좌1동,1141069000
21929,별별식당,남가좌1동,1141069000
21930,오아시스,남가좌1동,1141069000
21931,박용석스시,남가좌1동,1141069000
21932,자흥포장마차,남가좌1동,1141069000
21933,COTTAGE,남가좌1동,1141069000
21934,지중해,남가좌1동,1141069000
21935,나오스시,남가좌1동,1141069000
21936,카페,남가좌1동,1141069000
21937,서오릉피자,남가좌1동,1141069000
21938,새벽집,남가좌1동,1141069000
21939,우마이,남가좌1동,1141069000
21940,금잔디,남가좌1동,1141069000
21941,연우식당,남가좌1동,1141069000
21942,모래내1번지,남가좌1동,1141069000
21943,퀴즈노스,남가좌1동,1141069000
21944,호수,남가좌1동,1141069000
21945,원할머니보쌈,남가좌1동,1141069000
21946,만나꼬마김밥,남가좌1동,1141069000
21947,끝집,남가좌1동,1141069000
21948,종로떡집,남가좌1동,1141069000
21949,신참떡볶이,남가좌1동,1141069000
21950,금돼지,남가좌1동,1141069000
21951,짚신매운갈비찜,남가좌1동,1141069000
21952,가재울스시,남가좌1동,1141069000
21953,가미,남가좌1동,1141069000
21954,쏭떡,남가좌1동,1141069000
21955,사이좋은카페,남가좌1동,1141069000
21956,커피지오,남가좌1동,1141069000
21957,모래내즉석우동짜장,남가좌1동,1141069000
21958,이디야커피가좌역점,남가좌1동,1141069000
21959,갤러리,남가좌1동,1141069000
21960,갈색추억라이브,남가좌1동,1141069000
21961,북치고장구치고,남가좌1동,1141069000
21962,육대장,남가좌1동,1141069000
21963,호남포차,남가좌1동,1141069000
21964,신토불이복떡집,남가좌1동,1141069000
21965,뚜레쥬르,남가좌1동,1141069000
21966,모래내장어,남가좌1동,1141069000
21967,모닥불,남가좌1동,1141069000
21968,선인장,남가좌1동,1141069000
21969,이디야커피,남가좌1동,1141069000
21970,일단네식당,남가좌1동,1141069000
21971,어제,남가좌1동,1141069000
21972,대박집,남가좌1동,1141069000
21973,이종구낙지세상,남가좌1동,1141069000
21974,월드컵,남가좌1동,1141069000
21975,캐슬,남가좌1동,1141069000
21976,다같이카페,남가좌1동,1141069000
21977,제일식당,남가좌1동,1141069000
21978,구포갈비,남가좌1동,1141069000
21979,로즈,남가좌1동,1141069000
21980,왕세숫대야냉면24시해장국,남가좌1동,1141069000
21981,애플,남가좌1동,1141069000
21982,해오림,남가좌1동,1141069000
21983,신세대식당,남가좌1동,1141069000
21984,장군보쌈,남가좌1동,1141069000
21985,비어드벤처,남가좌1동,1141069000
21986,걸작떡볶이치킨,남가좌1동,1141069000
21987,성화노래주점,남가좌1동,1141069000
21988,닭내장집,남가좌1동,1141069000
21989,시대국수,남가좌1동,1141069000
21990,이화감자국,응암3동,1138060000
21991,꽈배기나라,응암3동,1138060000
21992,소나무,응암3동,1138060000
21993,명당만두,응암3동,1138060000
21994,로얄클럽,응암3동,1138060000
21995,지코바양념치킨,응암3동,1138060000
21996,호남아구찜,응암3동,1138060000
21997,샤델,응암3동,1138060000
21998,바다회포장전문,응암3동,1138060000
21999,알프스,응암3동,1138060000
22000,원할머니,응암3동,1138060000
22001,카페머거스,응암3동,1138060000
22002,삼거리포차,응암3동,1138060000
22003,홍쌤떡볶이,응암3동,1138060000
22004,카네기라이브,응암3동,1138060000
22005,시골영양탕전문,응암3동,1138060000
22006,투투노래팡,응암3동,1138060000
22007,장춘동한방족발,응암3동,1138060000
22008,은혜떡집,응암3동,1138060000
22009,대림손두부,응암3동,1138060000
22010,블랙호프,응암3동,1138060000
22011,전주순대국,응암3동,1138060000
22012,에이스,응암3동,1138060000
22013,해물천국,응암3동,1138060000
22014,꼼주락,응암3동,1138060000
22015,이화감자국,응암3동,1138060000
22016,금영노래방,응암3동,1138060000
22017,김영희강남동태찜,응암3동,1138060000
22018,COFFEEBEDEL,응암3동,1138060000
22019,아리아,응암3동,1138060000
22020,응암해장국,응암3동,1138060000
22021,쎄븐,응암3동,1138060000
22022,두메산골,응암3동,1138060000
22023,두찜은평,응암3동,1138060000
22024,멘보샤,응암3동,1138060000
22025,황소곱창한판구이,응암3동,1138060000
22026,하나은행,응암3동,1138060000
22027,주당주유소,응암3동,1138060000
22028,3.5cm왕소금구이,응암3동,1138060000
22029,포차천국,응암3동,1138060000
22030,유즈풀,응암3동,1138060000
22031,근린커피,응암3동,1138060000
22032,알키미스타,응암3동,1138060000
22033,cafeCREAM카페크림,응암3동,1138060000
22034,계림원,응암3동,1138060000
22035,배스킨라빈스31응암점,응암3동,1138060000
22036,힐링노래바,응암3동,1138060000
22037,역전할머니맥주,응암3동,1138060000
22038,야곱STORY,응암3동,1138060000
22039,황제참치,응암3동,1138060000
22040,나그네해장국,응암3동,1138060000
22041,히동이치킨,응암3동,1138060000
22042,너를사랑한닭,응암3동,1138060000
22043,카리브,응암3동,1138060000
22044,흥보뼈다귀,응암3동,1138060000
22045,응암족발,응암3동,1138060000
22046,한나식빵,응암3동,1138060000
22047,酒는남자,응암3동,1138060000
22048,베리웰응암본점,응암3동,1138060000
22049,치킨촌,응암3동,1138060000
22050,케이크잇다,응암3동,1138060000
22051,독도골뱅이,응암3동,1138060000
22052,백년토종삼계탕,응암3동,1138060000
22053,대림분식,응암3동,1138060000
22054,으뜸손칼국수,응암3동,1138060000
22055,무진분식,응암3동,1138060000
22056,보드게임카페클루,응암3동,1138060000
22057,신토불이,응암3동,1138060000
22058,토크쇼,응암3동,1138060000
22059,윤희네식당,응암3동,1138060000
22060,충남순대,응암3동,1138060000
22061,은평부침,응암3동,1138060000
22062,명당왕만두,응암3동,1138060000
22063,명당만두,응암3동,1138060000
22064,응암전집,응암3동,1138060000
22065,장충동한방족발,응암3동,1138060000
22066,자매분식,응암3동,1138060000
22067,시골김치삼겹살,응암3동,1138060000
22068,로즈버드인정병원점,응암3동,1138060000
22069,날으는우카페,응암3동,1138060000
22070,대관령생고기,풍납1동,1171051000
22071,투다리,풍납1동,1171051000
22072,발리호프,풍납1동,1171051000
22073,다정치킨,풍납1동,1171051000
22074,깨비네전집,풍납1동,1171051000
22075,춘양골추어탕,풍납1동,1171051000
22076,미도리손톱,풍납1동,1171051000
22077,맛닭꼬풍납점,풍납1동,1171051000
22078,오다가다족발,풍납1동,1171051000
22079,송파커피,풍납1동,1171051000
22080,수상한호프집,풍납1동,1171051000
22081,MINBakery,풍납1동,1171051000
22082,도원수산,풍납1동,1171051000
22083,하이디식당,풍납1동,1171051000
22084,궁중,풍납1동,1171051000
22085,옥천칡냉면,풍납1동,1171051000
22086,바다마을,풍납1동,1171051000
22087,칠갑산사철탕,풍납1동,1171051000
22088,둘둘말은김밥,풍납1동,1171051000
22089,김밥나라,풍납1동,1171051000
22090,디오니스,풍납1동,1171051000
22091,김밥천국,풍납1동,1171051000
22092,토성떡집,풍납1동,1171051000
22093,디오니스,풍납1동,1171051000
22094,산골푸드,풍납1동,1171051000
22095,위도사랑,풍납1동,1171051000
22096,이모네백반,풍납1동,1171051000
22097,왈순칼국수,풍납1동,1171051000
22098,존도시락&존찬,풍납1동,1171051000
22099,티파니,풍납1동,1171051000
22100,간이역,풍납1동,1171051000
22101,닭깡,풍납1동,1171051000
22102,떡볶이와식혜,풍납1동,1171051000
22103,유명푸드,풍납1동,1171051000
22104,정성이가득찬집밥,풍납1동,1171051000
22105,총각수산,풍납1동,1171051000
22106,오뚜기,풍납1동,1171051000
22107,순이네밥집,풍납1동,1171051000
22108,데니스커피,풍납1동,1171051000
22109,RIBBONStage,풍납1동,1171051000
22110,풍년식당,풍납1동,1171051000
22111,일순네양념왕족발,풍납1동,1171051000
22112,의정부부대찌게,풍납1동,1171051000
22113,회류,풍납1동,1171051000
22114,어썸피크닉,풍납1동,1171051000
22115,시골맛집,풍납1동,1171051000
22116,항아리호프,풍납1동,1171051000
22117,전주식당,풍납1동,1171051000
22118,만원횟집,풍납1동,1171051000
22119,풍납족발,풍납1동,1171051000
22120,만원짜리회센타,풍납1동,1171051000
22121,둘둘마름김밥,풍납1동,1171051000
22122,풍년갈비,풍납1동,1171051000
22123,장수촌,풍납1동,1171051000
22124,더마실,풍납1동,1171051000
22125,시골재래식손두부공장,풍납1동,1171051000
22126,그램그램천호역점,풍납1동,1171051000
22127,내일또오리,풍납1동,1171051000
22128,오뚜기식당,풍납1동,1171051000
22129,훈이네식당,풍납1동,1171051000
22130,토성식당,풍납1동,1171051000
22131,디오니스,풍납1동,1171051000
22132,즉석빵,풍납1동,1171051000
22133,작은평화,풍납1동,1171051000
22134,이쁜이맛집,풍납1동,1171051000
22135,오뚜기돌구이생삼겹살,풍납1동,1171051000
22136,미도리파티앤쿠킹,풍납1동,1171051000
22137,행복을품은빠샤치킨,풍납1동,1171051000
22138,장수왕족발,풍납1동,1171051000
22139,피자마루,풍납1동,1171051000
22140,보성각,풍납1동,1171051000
22141,꼬미로떼,풍납1동,1171051000
22142,어묵집,풍납1동,1171051000
22143,종로빈대떡,풍납1동,1171051000
22144,마마양꼬치,풍납1동,1171051000
22145,꼴통,풍납1동,1171051000
22146,IDCAFE,풍납1동,1171051000
22147,풍납닭내장탕,풍납1동,1171051000
22148,새시대항아리손칼국수,풍납1동,1171051000
22149,얼음땡,풍납1동,1171051000
22150,송강루,정릉2동,1129063000
22151,개성면옥,정릉2동,1129063000
22152,원할머니,정릉2동,1129063000
22153,시장순대집,정릉2동,1129063000
22154,피자헛,정릉2동,1129063000
22155,동방손칼국수,정릉2동,1129063000
22156,하남돼지집,정릉2동,1129063000
22157,대청참숯생고기전문점,정릉2동,1129063000
22158,원광떡방,정릉2동,1129063000
22159,굽네치킨,정릉2동,1129063000
22160,카페,정릉2동,1129063000
22161,메밀촌,정릉2동,1129063000
22162,투다리,정릉2동,1129063000
22163,토리아에즈,정릉2동,1129063000
22164,구가네사철탕,정릉2동,1129063000
22165,신씨네,정릉2동,1129063000
22166,디디카페,정릉2동,1129063000
22167,카페보다,정릉2동,1129063000
22168,숭덕분식,정릉2동,1129063000
22169,사랑뷔페,정릉2동,1129063000
22170,부미식당,정릉2동,1129063000
22171,하루초밥,정릉2동,1129063000
22172,만남,정릉2동,1129063000
22173,전원주의손큰할매순대국,정릉2동,1129063000
22174,정임이네코다리,정릉2동,1129063000
22175,치킨돈까스김밥,정릉2동,1129063000
22176,유기택피자,정릉2동,1129063000
22177,천원의행복,정릉2동,1129063000
22178,이지바이,정릉2동,1129063000
22179,지짐이,정릉2동,1129063000
22180,카페브릭스,정릉2동,1129063000
22181,코만도치킨,정릉2동,1129063000
22182,모던분식밀다방,정릉2동,1129063000
22183,커피브리스톳,정릉2동,1129063000
22184,만나뼈다귀해장국,정릉2동,1129063000
22185,메가엠지씨커피,정릉2동,1129063000
22186,아이씨지치킨앤버거,정릉2동,1129063000
22187,롯데리아정릉점,정릉2동,1129063000
22188,하오하오츠,정릉2동,1129063000
22189,멕시카나치킨,정릉2동,1129063000
22190,킴스치킨,정릉2동,1129063000
22191,부산아지매국밥,정릉2동,1129063000
22192,손칼국수,정릉2동,1129063000
22193,멘도롱제주집정릉점,정릉2동,1129063000
22194,별빛달빛아래치킨3마리,정릉2동,1129063000
22195,다미회수산,정릉2동,1129063000
22196,조이키친,정릉2동,1129063000
22197,백두산,정릉2동,1129063000
22198,CNC,정릉2동,1129063000
22199,삼양동우동집,정릉2동,1129063000
22200,문화공간북악하늘,정릉2동,1129063000
22201,집밥술,정릉2동,1129063000
22202,전주식당,정릉2동,1129063000
22203,양평해장국,정릉2동,1129063000
22204,반올림피자샵정릉돈암점,정릉2동,1129063000
22205,목포홍탁,정릉2동,1129063000
22206,청수장,정릉2동,1129063000
22207,킴스치킨,정릉2동,1129063000
22208,맘스떡볶이n컵밥,정릉2동,1129063000
22209,은혜감자탕,정릉2동,1129063000
22210,도미노피자,정릉2동,1129063000
22211,길포장마차,정릉2동,1129063000
22212,정릉맥주도가,정릉2동,1129063000
22213,정릉설렁탕,정릉2동,1129063000
22214,우리집양념통닭,정릉2동,1129063000
22215,퇘사랑,정릉2동,1129063000
22216,하루비어정릉우체국점,정릉2동,1129063000
22217,마초떡볶이&치킨,정릉2동,1129063000
22218,모퉁이,정릉2동,1129063000
22219,담안,정릉2동,1129063000
22220,빙그레,정릉2동,1129063000
22221,탐앤탐스,정릉2동,1129063000
22222,샤바샤바치킨,정릉2동,1129063000
22223,찬이네,정릉2동,1129063000
22224,장군생고기,정릉2동,1129063000
22225,소문난김밥,정릉2동,1129063000
22226,송담추어탕,정릉2동,1129063000
22227,긴자스시,정릉2동,1129063000
22228,성원식당,정릉2동,1129063000
22229,정릉설렁탕,정릉2동,1129063000
22230,ANDO,성북동,1129052500
22231,나폴레옹제과,성북동,1129052500
22232,성북동디너쑈,성북동,1129052500
22233,금왕돈까스전문점,성북동,1129052500
22234,쌔비테이블,성북동,1129052500
22235,올레국수,성북동,1129052500
22236,봉황날다,성북동,1129052500
22237,봉파레트,성북동,1129052500
22238,손가네곰국수설렁탕,성북동,1129052500
22239,카페구로,성북동,1129052500
22240,네임드에스프레소,성북동,1129052500
22241,별분식,성북동,1129052500
22242,공릉동원조멸치국수,성북동,1129052500
22243,하비에르카페,성북동,1129052500
22244,봉황날다,성북동,1129052500
22245,나무와벽돌,성북동,1129052500
22246,포베이,성북동,1129052500
22247,성북동콩집,성북동,1129052500
22248,성북수산,성북동,1129052500
22249,덴뿌라,성북동,1129052500
22250,성신돌곱창,성북동,1129052500
22251,봉현마늘보쌈칡냉면칼국수,성북동,1129052500
22252,성북감떡집,성북동,1129052500
22253,성북동곱창,성북동,1129052500
22254,성북동면옥집,성북동,1129052500
22255,명문막국수,성북동,1129052500
22256,이강희곰탕,성북동,1129052500
22257,다인,성북동,1129052500
22258,금왕돈까스,성북동,1129052500
22259,마레,성북동,1129052500
22260,돈가래,성북동,1129052500
22261,이디야커피동소문동점,성북동,1129052500
22262,알렉스더커피,성북동,1129052500
22263,문화식당,성북동,1129052500
22264,8스탭스,성북동,1129052500
22265,송스키친,성북동,1129052500
22266,아띠올레,성북동,1129052500
22267,삼청각다원,성북동,1129052500
22268,인앤인레스토랑,성북동,1129052500
22269,일락,성북동,1129052500
22270,블랑제메종북악,성북동,1129052500
22271,달콤,성북동,1129052500
22272,파파존스피자,성북동,1129052500
22273,카페350,성북동,1129052500
22274,밀월,성북동,1129052500
22275,제이스,성북동,1129052500
22276,위넌스터디카페,성북동,1129052500
22277,푸드카페앤그릴,성북동,1129052500
22278,우쿠야,성북동,1129052500
22279,이누팬,성북동,1129052500
22280,성북동쭈닭발,성북동,1129052500
22281,커피볶는이야기두번째공간,성북동,1129052500
22282,구포국수,성북동,1129052500
22283,별미가정식집,성북동,1129052500
22284,식당늘푸른분식늘푸른,성북동,1129052500
22285,스타벅스한성대입구역점,성북동,1129052500
22286,손국수,성북동,1129052500
22287,최고의집,성북동,1129052500
22288,성북동연우재,성북동,1129052500
22289,떡의나라,성북동,1129052500
22290,에이프럴,성북동,1129052500
22291,커피나무,성북동,1129052500
22292,손가네곰국수,성북동,1129052500
22293,옛날중국집,성북동,1129052500
22294,아띠올레,성북동,1129052500
22295,초콜렛콘츄러스,성북동,1129052500
22296,위미,성북동,1129052500
22297,커피하우스,성북동,1129052500
22298,숙이네집밥,성북동,1129052500
22299,다미스,성북동,1129052500
22300,손국수집,성북동,1129052500
22301,F64,성북동,1129052500
22302,바람과나무,성북동,1129052500
22303,제이스케이크,성북동,1129052500
22304,우드앤브릭,성북동,1129052500
22305,신라명과,성북동,1129052500
22306,구보다우동,성북동,1129052500
22307,죠셉의커피나무,성북동,1129052500
22308,고석환만두전골,성북동,1129052500
22309,반하당,성북동,1129052500
22310,오아시스호프,번1동,1130559500
22311,번동해장국,번1동,1130559500
22312,멕시칸바베큐치킨,번1동,1130559500
22313,피자빨간고추,번1동,1130559500
22314,보콜릿,번1동,1130559500
22315,랑촌샤브칼국수,번1동,1130559500
22316,마신떡볶이,번1동,1130559500
22317,대광수산,번1동,1130559500
22318,황금숯불꼼장어,번1동,1130559500
22319,BBQ치킨,번1동,1130559500
22320,왔다삼겹살,번1동,1130559500
22321,돌깨마을맷돌순두부수유점,번1동,1130559500
22322,부부회집,번1동,1130559500
22323,용궁,번1동,1130559500
22324,소문난멸치국수,번1동,1130559500
22325,윤가솥뚜껑,번1동,1130559500
22326,디엔트런스,번1동,1130559500
22327,유실장착한불낙지,번1동,1130559500
22328,로즈버드,번1동,1130559500
22329,로망스단란주점,번1동,1130559500
22330,건안식당,번1동,1130559500
22331,응응스크르서울,번1동,1130559500
22332,노브랜드버거,번1동,1130559500
22333,더수제돈까스,번1동,1130559500
22334,압구정찌개/고기마을,번1동,1130559500
22335,피지헤븐,번1동,1130559500
22336,장수마늘보쌈,번1동,1130559500
22337,순대네돈까스,번1동,1130559500
22338,홍곱창,번1동,1130559500
22339,뚜레쥬르,번1동,1130559500
22340,쿠우쿠우,번1동,1130559500
22341,맛나식당,번1동,1130559500
22342,본생고기,번1동,1130559500
22343,피자헛,번1동,1130559500
22344,전주식당,번1동,1130559500
22345,죽이야기수유역점,번1동,1130559500
22346,써니,번1동,1130559500
22347,해프닝,번1동,1130559500
22348,카페마타리,번1동,1130559500
22349,장수칼국수,번1동,1130559500
22350,서가네순대국밥,번1동,1130559500
22351,Oh늘통닭본점,번1동,1130559500
22352,파리바게뜨,번1동,1130559500
22353,카페,번1동,1130559500
22354,롯데리아번동D/T점,번1동,1130559500
22355,풍진소금구이,번1동,1130559500
22356,루앤비까페,번1동,1130559500
22357,월하교주,번1동,1130559500
22358,풍차,번1동,1130559500
22359,업텐브로피자4,번1동,1130559500
22360,원당감자탕,번1동,1130559500
22361,맛깔난곱창막창,번1동,1130559500
22362,양승진커피,번1동,1130559500
22363,장수마늘보쌈,번1동,1130559500
22364,정가네가정식백반,번1동,1130559500
22365,등촌샤브칼국수,번1동,1130559500
22366,육달포본점,번1동,1130559500
22367,남원식당,번1동,1130559500
22368,갈비데이,번1동,1130559500
22369,부산어묵,번1동,1130559500
22370,행복한빵세상,번1동,1130559500
22371,북서울124,번1동,1130559500
22372,순금이라이브7080,번1동,1130559500
22373,전설의치킨,번1동,1130559500
22374,만두나무,번1동,1130559500
22375,한잔에추억,번1동,1130559500
22376,쿠스토,번1동,1130559500
22377,메이비,번1동,1130559500
22378,유성냉면,번1동,1130559500
22379,미스터피자,번1동,1130559500
22380,수다방,번1동,1130559500
22381,미분당,번1동,1130559500
22382,산천순대국,번1동,1130559500
22383,국제커피협의회,번1동,1130559500
22384,곱창골,번1동,1130559500
22385,디랩지,번1동,1130559500
22386,온달왕족발,번1동,1130559500
22387,먹보순대국,번1동,1130559500
22388,할리스커피,번1동,1130559500
22389,가명품안주,번1동,1130559500
22390,미소야길음뉴타운점,길음1동,1129066000
22391,33떡볶이,길음1동,1129066000
22392,동네커피,길음1동,1129066000
22393,거성푸드청미원샤브샤브,길음1동,1129066000
22394,파리바게뜨,길음1동,1129066000
22395,버무리길음뉴타운,길음1동,1129066000
22396,야시골삼겹살,길음1동,1129066000
22397,정능숯불왕갈비,길음1동,1129066000
22398,치킨방앗간,길음1동,1129066000
22399,일본우동돈까스초밥,길음1동,1129066000
22400,송추집,길음1동,1129066000
22401,부가네얼큰이,길음1동,1129066000
22402,길음포차,길음1동,1129066000
22403,포노포노,길음1동,1129066000
22404,소문난집,길음1동,1129066000
22405,빽다방,길음1동,1129066000
22406,토담옛날통닭,길음1동,1129066000
22407,굽네치킨길음동점,길음1동,1129066000
22408,고씨네,길음1동,1129066000
22409,도시락밴드,길음1동,1129066000
22410,벨라빈스커피길음뉴타운점,길음1동,1129066000
22411,반포식스,길음1동,1129066000
22412,동경통닭,길음1동,1129066000
22413,모소리,길음1동,1129066000
22414,프랭크버거,길음1동,1129066000
22415,롯데리아길음뉴타운점,길음1동,1129066000
22416,청미원샤브샤브,길음1동,1129066000
22417,홍춘천,길음1동,1129066000
22418,가부끼,길음1동,1129066000
22419,강촌쌈밥길음점,길음1동,1129066000
22420,찜닭에꽂힌닭집애,길음1동,1129066000
22421,피자스쿨,길음1동,1129066000
22422,뚜레쥬르,길음1동,1129066000
22423,몽블랑제,길음1동,1129066000
22424,밥이랑술이랑,길음1동,1129066000
22425,불닭발동대문엽기떡볶이,길음1동,1129066000
22426,배스킨라빈스31,길음1동,1129066000
22427,한술식당,길음1동,1129066000
22428,블록베이커리길음점,길음1동,1129066000
22429,바르다김선생,길음1동,1129066000
22430,김밥천국,길음1동,1129066000
22431,커반,길음1동,1129066000
22432,AMELATTE,길음1동,1129066000
22433,놀부족발보쌈길음뉴타운족보EX점,길음1동,1129066000
22434,대학로김가네김밥,길음1동,1129066000
22435,래인정,길음1동,1129066000
22436,피자굽네치킨이태리피자엔파스타,길음1동,1129066000
22437,파찌네만두,길음1동,1129066000
22438,신라명과길음뉴타운점,길음1동,1129066000
22439,독수리,길음1동,1129066000
22440,한우마을,길음1동,1129066000
22441,가츠몽길음뉴타운점,길음1동,1129066000
22442,육대장길음뉴타운점,길음1동,1129066000
22443,롯데리아길음뉴타운점,길음1동,1129066000
22444,와플대학,길음1동,1129066000
22445,디저트39,길음1동,1129066000
22446,베리굿슬라임,길음1동,1129066000
22447,유니유니,길음1동,1129066000
22448,AQUADAYSSTAR24아쿠아데이즈스타24,길음1동,1129066000
22449,춘선이네,길음1동,1129066000
22450,노가리호프,길음1동,1129066000
22451,카페인북,길음1동,1129066000
22452,피자글릭,길음1동,1129066000
22453,꼬치990,길음1동,1129066000
22454,더웍,길음1동,1129066000
22455,coffeebar,길음1동,1129066000
22456,스시성초밥참치,길음1동,1129066000
22457,화포식당,길음1동,1129066000
22458,낭만덮밥,길음1동,1129066000
22459,신군포차,길음1동,1129066000
22460,길음가정식백반,길음1동,1129066000
22461,미가낙원떡집,길음1동,1129066000
22462,쥬씨길음점,길음1동,1129066000
22463,패밀리푸드,길음1동,1129066000
22464,써브웨이,길음1동,1129066000
22465,미태리,길음1동,1129066000
22466,공쌤커피,길음1동,1129066000
22467,착한짬뽕더착한탕수육,길음1동,1129066000
22468,이태리피자,길음1동,1129066000
22469,정인카페로뎀,길음1동,1129066000
22470,명품들깨칼국수,구로3동,1153054000
22471,산들바다실내포차,구로3동,1153054000
22472,세자매아구전문,구로3동,1153054000
22473,북어국7대3,구로3동,1153054000
22474,파리바게뜨구로제일점,구로3동,1153054000
22475,육회한연어,구로3동,1153054000
22476,왕십리곱창,구로3동,1153054000
22477,스타벅스구로디지털로점,구로3동,1153054000
22478,미스터제이빙,구로3동,1153054000
22479,스타벅스구로에이스트윈타워1점,구로3동,1153054000
22480,황제참치,구로3동,1153054000
22481,우전일식,구로3동,1153054000
22482,버거킹,구로3동,1153054000
22483,정원정,구로3동,1153054000
22484,뉴욕핫도그,구로3동,1153054000
22485,구로닭갈비&빈대떡,구로3동,1153054000
22486,장서방민물장어촌,구로3동,1153054000
22487,보틀,구로3동,1153054000
22488,명동칼국수보쌈전문점,구로3동,1153054000
22489,춘천고을닭갈비,구로3동,1153054000
22490,니와참치,구로3동,1153054000
22491,BHC치킨,구로3동,1153054000
22492,더브레드블루,구로3동,1153054000
22493,미소정육식당,구로3동,1153054000
22494,버들골이야기,구로3동,1153054000
22495,달봉비어,구로3동,1153054000
22496,본도시락구로디지털점,구로3동,1153054000
22497,스시하루,구로3동,1153054000
22498,맷돌집,구로3동,1153054000
22499,혜성식당,구로3동,1153054000
22500,니와스시참치,구로3동,1153054000
22501,스타벅스,구로3동,1153054000
22502,낙지한마리수제비,구로3동,1153054000
22503,씨카페,구로3동,1153054000
22504,치킨마루,구로3동,1153054000
22505,먹깨비김밥,구로3동,1153054000
22506,구로맛찬들왕소금구이,구로3동,1153054000
22507,하남돼지집,구로3동,1153054000
22508,미스터피자구로공단역점,구로3동,1153054000
22509,천년족발,구로3동,1153054000
22510,이삭토스트,구로3동,1153054000
22511,우리동네구로커피집,구로3동,1153054000
22512,인디오븐구로디지털단지점,구로3동,1153054000
22513,강남교자,구로3동,1153054000
22514,호우양꼬치,구로3동,1153054000
22515,KFC구로디지털2구로디지털2,구로3동,1153054000
22516,스타벅스,구로3동,1153054000
22517,커피빈,구로3동,1153054000
22518,카페리맨즈,구로3동,1153054000
22519,가츠몽,구로3동,1153054000
22520,헤성식당,구로3동,1153054000
22521,가마솥추어탕,구로3동,1153054000
22522,옛날전통육계장전문점육대장,구로3동,1153054000
22523,이튼,구로3동,1153054000
22524,샛별커피호프,구로3동,1153054000
22525,포보스,구로3동,1153054000
22526,바비큐보스,구로3동,1153054000
22527,육개장인,구로3동,1153054000
22528,누나홀닭구로디지털단지역점,구로3동,1153054000
22529,한판참숯소갈비,구로3동,1153054000
22530,효자동쌀국수미,구로3동,1153054000
22531,금빛호프,구로3동,1153054000
22532,배스킨라빈스31,구로3동,1153054000
22533,무영쌈밥,구로3동,1153054000
22534,오딧세이호프,구로3동,1153054000
22535,순이네황소곱창구이,구로3동,1153054000
22536,호아빈오리진,구로3동,1153054000
22537,Guro닭갈비,구로3동,1153054000
22538,화로애,구로3동,1153054000
22539,연정닭곰탕,구로3동,1153054000
22540,안동한우정육식당,구로3동,1153054000
22541,영천숯불갈비,구로3동,1153054000
22542,바메디컬팀,구로3동,1153054000
22543,하루엔소쿠,구로3동,1153054000
22544,포차대기업,구로3동,1153054000
22545,복천동직화볶음전문점,구로3동,1153054000
22546,핏짜피자,구로3동,1153054000
22547,스무디킹,구로3동,1153054000
22548,신들린술집,구로3동,1153054000
22549,반장즉석떡볶이,구로3동,1153054000
22550,21세기떡집,자양1동,1121582000
22551,최가커피,자양1동,1121582000
22552,미니회집,자양1동,1121582000
22553,서울식당,자양1동,1121582000
22554,내고향포차마을,자양1동,1121582000
22555,위도횟집,자양1동,1121582000
22556,쪼아모아,자양1동,1121582000
22557,손끝에서만발하다,자양1동,1121582000
22558,신설식당,자양1동,1121582000
22559,골목식당,자양1동,1121582000
22560,칼레오커피,자양1동,1121582000
22561,블랙쪼끼,자양1동,1121582000
22562,한끼해결,자양1동,1121582000
22563,반달커피서울,자양1동,1121582000
22564,빨간모자피자,자양1동,1121582000
22565,에스프레소바시,자양1동,1121582000
22566,우가람,자양1동,1121582000
22567,닐리,자양1동,1121582000
22568,아이스캔디,자양1동,1121582000
22569,등촌샤브칼국수,자양1동,1121582000
22570,카페,자양1동,1121582000
22571,커피디지,자양1동,1121582000
22572,원산칡냉면,자양1동,1121582000
22573,어라운드스터디카페,자양1동,1121582000
22574,커피베이,자양1동,1121582000
22575,페리카나치킨,자양1동,1121582000
22576,자양다방,자양1동,1121582000
22577,박과장의조은회사,자양1동,1121582000
22578,장군오리바베큐,자양1동,1121582000
22579,신선,자양1동,1121582000
22580,코리아25시감자탕,자양1동,1121582000
22581,애궁카페,자양1동,1121582000
22582,춘리,자양1동,1121582000
22583,경성투가리,자양1동,1121582000
22584,오픈더도어,자양1동,1121582000
22585,우리식당,자양1동,1121582000
22586,명동떡집,자양1동,1121582000
22587,카페오로시,자양1동,1121582000
22588,돈우야숯불갈비,자양1동,1121582000
22589,옛맛서울불고기,자양1동,1121582000
22590,종로한정식,자양1동,1121582000
22591,마루샤브,자양1동,1121582000
22592,복만루,자양1동,1121582000
22593,종로식당,자양1동,1121582000
22594,피자샵,자양1동,1121582000
22595,연지민물매운탕,자양1동,1121582000
22596,쉐프의찜닭,자양1동,1121582000
22597,사원식당,자양1동,1121582000
22598,참참치킨,자양1동,1121582000
22599,브라더탕수,자양1동,1121582000
22600,수상한초밥집,자양1동,1121582000
22601,담꼬직화구이정식,자양1동,1121582000
22602,북촌손만두자양점,자양1동,1121582000
22603,아리랑양꼬치,자양1동,1121582000
22604,더슬로스일감호점,자양1동,1121582000
22605,옐로우스케치,자양1동,1121582000
22606,카메,자양1동,1121582000
22607,2018연,자양1동,1121582000
22608,포너,자양1동,1121582000
22609,꼼박사,자양1동,1121582000
22610,커피지원센터,자양1동,1121582000
22611,베테랑떡볶이,자양1동,1121582000
22612,카페코츠,자양1동,1121582000
22613,쌀뜸밥뜸,자양1동,1121582000
22614,정일품대가,자양1동,1121582000
22615,떼루와,자양1동,1121582000
22616,샤우칭,자양1동,1121582000
22617,소풍경,자양1동,1121582000
22618,자갈치,자양1동,1121582000
22619,금문,자양1동,1121582000
22620,화양시장할머니순대국,자양1동,1121582000
22621,진한국밥,자양1동,1121582000
22622,두부마을,자양1동,1121582000
22623,문스시,자양1동,1121582000
22624,스쿨푸드딜리버리,자양1동,1121582000
22625,솔로테이블,자양1동,1121582000
22626,밀방떡,자양1동,1121582000
22627,시스템,자양1동,1121582000
22628,청춘푸드,자양1동,1121582000
22629,조현우국밥,자양1동,1121582000
22630,다물회관,이태원1동,1117065000
22631,나는포차다,이태원1동,1117065000
22632,피스틸,이태원1동,1117065000
22633,글램라운지,이태원1동,1117065000
22634,폭스홀,이태원1동,1117065000
22635,명동교자,이태원1동,1117065000
22636,아울라운지,이태원1동,1117065000
22637,어썸,이태원1동,1117065000
22638,샘라이언스,이태원1동,1117065000
22639,알라딘,이태원1동,1117065000
22640,갤러리,이태원1동,1117065000
22641,도코로,이태원1동,1117065000
22642,제이알펍,이태원1동,1117065000
22643,국수가게,이태원1동,1117065000
22644,자니덤플링본관,이태원1동,1117065000
22645,마가진상회,이태원1동,1117065000
22646,케르반레스토랑케르반베이커리,이태원1동,1117065000
22647,T.HILL14ST,이태원1동,1117065000
22648,프렌치마켓,이태원1동,1117065000
22649,노블따블,이태원1동,1117065000
22650,해피홈레스토랑,이태원1동,1117065000
22651,팻앨버트,이태원1동,1117065000
22652,말리커피이태원점말리씨앤,이태원1동,1117065000
22653,조에,이태원1동,1117065000
22654,제스터스,이태원1동,1117065000
22655,티라벤토,이태원1동,1117065000
22656,모우모우,이태원1동,1117065000
22657,에이치비씨고깃집,이태원1동,1117065000
22658,베이루트레스토랑,이태원1동,1117065000
22659,말리커피,이태원1동,1117065000
22660,제이알팝,이태원1동,1117065000
22661,르블랑,이태원1동,1117065000
22662,신밧드키친,이태원1동,1117065000
22663,이태원120-5,이태원1동,1117065000
22664,대한성공회유지재단행,이태원1동,1117065000
22665,마인녀,이태원1동,1117065000
22666,빽다방이태원점,이태원1동,1117065000
22667,구씨네,이태원1동,1117065000
22668,샤또쇼콜라이태원점,이태원1동,1117065000
22669,C4케익팩토리이태원점,이태원1동,1117065000
22670,자매식당,이태원1동,1117065000
22671,이화,이태원1동,1117065000
22672,무카이노고우,이태원1동,1117065000
22673,첩첩분식,이태원1동,1117065000
22674,홍서희,이태원1동,1117065000
22675,헬리오스,이태원1동,1117065000
22676,빅클라스,이태원1동,1117065000
22677,술탄터키케밥하우스,이태원1동,1117065000
22678,배스킨라빈스31이태원점,이태원1동,1117065000
22679,래리엇,이태원1동,1117065000
22680,꿀밤포차,이태원1동,1117065000
22681,바른닭발챨쓰네치즈포차,이태원1동,1117065000
22682,카페리움,이태원1동,1117065000
22683,비스트로마미,이태원1동,1117065000
22684,아톤브루어리,이태원1동,1117065000
22685,지미박스,이태원1동,1117065000
22686,장미쌀롱,이태원1동,1117065000
22687,황야술식당,이태원1동,1117065000
22688,아이도넛케어,이태원1동,1117065000
22689,서울밤포차,이태원1동,1117065000
22690,애쉬,이태원1동,1117065000
22691,꿈앤펀,이태원1동,1117065000
22692,맥도날드,이태원1동,1117065000
22693,동산기업,이태원1동,1117065000
22694,SMT차이나룸,이태원1동,1117065000
22695,꾸띠자르당,이태원1동,1117065000
22696,콘서바토리서울,이태원1동,1117065000
22697,이십사절기,이태원1동,1117065000
22698,미라클콜렉션,이태원1동,1117065000
22699,미도리야,이태원1동,1117065000
22700,도미노피자,이태원1동,1117065000
22701,커피스미스,이태원1동,1117065000
22702,코파카바나그릴,이태원1동,1117065000
22703,라이너스즈바베큐,이태원1동,1117065000
22704,케르반베이커리,이태원1동,1117065000
22705,샘롸이언,이태원1동,1117065000
22706,무브,이태원1동,1117065000
22707,농담,이태원1동,1117065000
22708,케르반레스토랑,이태원1동,1117065000
22709,더파운틴,이태원1동,1117065000
22710,개성칡냉면망우,망우3동,1126066000
22711,용마공원식당,망우3동,1126066000
22712,동서부페숯불구이,망우3동,1126066000
22713,마산아구찜해물탕,망우3동,1126066000
22714,지리산자연석돌구이,망우3동,1126066000
22715,하남돼지집,망우3동,1126066000
22716,덕성떡집,망우3동,1126066000
22717,용마쉼터,망우3동,1126066000
22718,네네치킨,망우3동,1126066000
22719,먹거리생삼겹살,망우3동,1126066000
22720,이디야커피,망우3동,1126066000
22721,요리하는남자서원,망우3동,1126066000
22722,크리스탈,망우3동,1126066000
22723,명륜진사갈비,망우3동,1126066000
22724,의정부부대찌개,망우3동,1126066000
22725,내고향식당,망우3동,1126066000
22726,향촌칡냉면,망우3동,1126066000
22727,빛나는바다,망우3동,1126066000
22728,토평리원조할매사철탕전문,망우3동,1126066000
22729,참존숯불바베큐망우본점,망우3동,1126066000
22730,상봉포장마차,망우3동,1126066000
22731,새벽집,망우3동,1126066000
22732,제일장터국밥부대찌개,망우3동,1126066000
22733,밥맛나는세상,망우3동,1126066000
22734,타맥,망우3동,1126066000
22735,모아,망우3동,1126066000
22736,숙희네분식,망우3동,1126066000
22737,카페디15,망우3동,1126066000
22738,만땅떡볶이,망우3동,1126066000
22739,고기한끼,망우3동,1126066000
22740,오니기리와이규동,망우3동,1126066000
22741,정성마카롱,망우3동,1126066000
22742,일품칼국수,망우3동,1126066000
22743,휘카페,망우3동,1126066000
22744,죽변물회,망우3동,1126066000
22745,"마주,봄",망우3동,1126066000
22746,기분좋은날,망우3동,1126066000
22747,놀러와포차,망우3동,1126066000
22748,살롱1984,망우3동,1126066000
22749,파치,망우3동,1126066000
22750,맛치킨101111,망우3동,1126066000
22751,키크는팡팡,망우3동,1126066000
22752,배꼽시계,망우3동,1126066000
22753,맑은샘,망우3동,1126066000
22754,영광식당,망우3동,1126066000
22755,마포소금구이,망우3동,1126066000
22756,용마해장국,망우3동,1126066000
22757,케잌하우스프티,망우3동,1126066000
22758,행님아,망우3동,1126066000
22759,동해원,망우3동,1126066000
22760,봉화호프,망우3동,1126066000
22761,향촌칡냉면,망우3동,1126066000
22762,소나무식당,망우3동,1126066000
22763,토스트,망우3동,1126066000
22764,333보리밥부페,망우3동,1126066000
22765,김승태불고기와청국장,망우3동,1126066000
22766,서일부대찌게,망우3동,1126066000
22767,펑키타운,망우3동,1126066000
22768,맛치킨,망우3동,1126066000
22769,가로수찌개,망우3동,1126066000
22770,바다회천국,망우3동,1126066000
22771,정선식당,망우3동,1126066000
22772,죽이야기,망우3동,1126066000
22773,신나라7080,망우3동,1126066000
22774,우리분식,망우3동,1126066000
22775,몽골음식점,망우3동,1126066000
22776,놀러와닥발,망우3동,1126066000
22777,삼촌국밥,망우3동,1126066000
22778,미진초,망우3동,1126066000
22779,나리밥상,망우3동,1126066000
22780,행복식당,망우3동,1126066000
22781,오가닭발,망우3동,1126066000
22782,셀프1000년장어촌,망우3동,1126066000
22783,골뱅이호프,망우3동,1126066000
22784,언니커피,망우3동,1126066000
22785,카페,망우3동,1126066000
22786,돼지네,망우3동,1126066000
22787,하나아이스크림할인점,망우3동,1126066000
22788,춘향이와흥부,망우3동,1126066000
22789,모아포차,망우3동,1126066000
22790,유가네닭갈비,서원동,1162064500
22791,엄마순대,서원동,1162064500
22792,원조순대전문점,서원동,1162064500
22793,청진동해장국,서원동,1162064500
22794,맥도날드,서원동,1162064500
22795,미나리생삼겹,서원동,1162064500
22796,배스킨라빈스31신림점,서원동,1162064500
22797,베스킨라빈스신림포도몰,서원동,1162064500
22798,왕주먹,서원동,1162064500
22799,우리집한식뷔페,서원동,1162064500
22800,탑퓨전포차,서원동,1162064500
22801,포도원삼계탕,서원동,1162064500
22802,공주노래빠,서원동,1162064500
22803,메밀언덕,서원동,1162064500
22804,전라도맛집,서원동,1162064500
22805,순천관사철탕삼계탕,서원동,1162064500
22806,킹콩부대찌개,서원동,1162064500
22807,빽다방신림역1호점,서원동,1162064500
22808,이조은참치,서원동,1162064500
22809,풍천민물장어숯불구이,서원동,1162064500
22810,셜록홈즈신림점,서원동,1162064500
22811,세느강포차,서원동,1162064500
22812,단풍나무숲,서원동,1162064500
22813,신사리즉석떡볶이,서원동,1162064500
22814,럭키노래빠,서원동,1162064500
22815,픽미픽미아이스,서원동,1162064500
22816,강남반점,서원동,1162064500
22817,박재성의메밀숯불닭갈비,서원동,1162064500
22818,서울뼛국,서원동,1162064500
22819,해인사주타로,서원동,1162064500
22820,꿈당,서원동,1162064500
22821,타이거슈가,서원동,1162064500
22822,24기사님식당,서원동,1162064500
22823,셀독24스터디카페,서원동,1162064500
22824,공차,서원동,1162064500
22825,청년포차,서원동,1162064500
22826,갈비촌,서원동,1162064500
22827,신림집,서원동,1162064500
22828,한촌설렁탕,서원동,1162064500
22829,진서의정원,서원동,1162064500
22830,안녕파인,서원동,1162064500
22831,오술차,서원동,1162064500
22832,롯데리아,서원동,1162064500
22833,김밥천국,서원동,1162064500
22834,칵테일앤드림,서원동,1162064500
22835,스시나마,서원동,1162064500
22836,피자에땅,서원동,1162064500
22837,찰리삼촌,서원동,1162064500
22838,양지순천집,서원동,1162064500
22839,팔공티,서원동,1162064500
22840,이디야커피,서원동,1162064500
22841,고양이자리표,서원동,1162064500
22842,꽃올림,서원동,1162064500
22843,피움카페,서원동,1162064500
22844,동해,서원동,1162064500
22845,석봉토스트,서원동,1162064500
22846,맥주활력수,서원동,1162064500
22847,큐브,서원동,1162064500
22848,브레드클럽,서원동,1162064500
22849,빨강호랭이,서원동,1162064500
22850,투닷츠베이커리,서원동,1162064500
22851,백스비어신림역점,서원동,1162064500
22852,진이,서원동,1162064500
22853,빽다방신림역2호점,서원동,1162064500
22854,여우노래빠,서원동,1162064500
22855,후라이드참잘하는집,서원동,1162064500
22856,삼시네끼,서원동,1162064500
22857,에스엠씨,서원동,1162064500
22858,하이트캠프지지,서원동,1162064500
22859,카페,서원동,1162064500
22860,나홀로찜애,서원동,1162064500
22861,제주밤바다,서원동,1162064500
22862,메가엠지씨커피,서원동,1162064500
22863,번개,서원동,1162064500
22864,킹덤보드게임카페,서원동,1162064500
22865,서민국수,서원동,1162064500
22866,쌈박한찌개,서원동,1162064500
22867,60계,서원동,1162064500
22868,바리앤텐더,서원동,1162064500
22869,프롬카페,서원동,1162064500
22870,차씨네,인헌동,1162062500
22871,피자나라치킨공주,인헌동,1162062500
22872,병천순대국,인헌동,1162062500
22873,동명수산,인헌동,1162062500
22874,오삼숙이,인헌동,1162062500
22875,갯벌철판낙지,인헌동,1162062500
22876,또래오래,인헌동,1162062500
22877,이레김밥,인헌동,1162062500
22878,큰맘원조할매순대국,인헌동,1162062500
22879,치킨뱅이,인헌동,1162062500
22880,봉구스밥버거,인헌동,1162062500
22881,엉터리생고기,인헌동,1162062500
22882,족보가있는집,인헌동,1162062500
22883,고향식당,인헌동,1162062500
22884,BBQ치킨,인헌동,1162062500
22885,고기야,인헌동,1162062500
22886,24시태기산더덕순대,인헌동,1162062500
22887,영덕물회막회,인헌동,1162062500
22888,두냉심열,인헌동,1162062500
22889,자매다방,인헌동,1162062500
22890,더차돌,인헌동,1162062500
22891,백채,인헌동,1162062500
22892,아이스크림할인점신나,인헌동,1162062500
22893,샤르망,인헌동,1162062500
22894,서울칡냉면돈까스,인헌동,1162062500
22895,여의주,인헌동,1162062500
22896,원당순대국,인헌동,1162062500
22897,컴포,인헌동,1162062500
22898,커피버넷,인헌동,1162062500
22899,술반장,인헌동,1162062500
22900,하나은행,인헌동,1162062500
22901,슈가링스,인헌동,1162062500
22902,남오토코,인헌동,1162062500
22903,파리바게뜨낙성대역점,인헌동,1162062500
22904,명당맛집,인헌동,1162062500
22905,경원치킨본점,인헌동,1162062500
22906,이고집쭈꾸미,인헌동,1162062500
22907,대박집,인헌동,1162062500
22908,뮤즈노래바,인헌동,1162062500
22909,쥬씨인헌,인헌동,1162062500
22910,판다김밥,인헌동,1162062500
22911,문짜네,인헌동,1162062500
22912,낙성대하륜일만족발,인헌동,1162062500
22913,다감오니기리,인헌동,1162062500
22914,명가왕만두,인헌동,1162062500
22915,오인자아구찜,인헌동,1162062500
22916,서울삼족탕설렁탕,인헌동,1162062500
22917,짬장정육상회,인헌동,1162062500
22918,신참떡볶이,인헌동,1162062500
22919,JS푸드,인헌동,1162062500
22920,신사동떡볶이,인헌동,1162062500
22921,꼬박꼬박,인헌동,1162062500
22922,버거킹낙성대2점,인헌동,1162062500
22923,동래포차,인헌동,1162062500
22924,웅이네오돌뼈,인헌동,1162062500
22925,인헌김치찌개집,인헌동,1162062500
22926,할리스커피낙성대역점,인헌동,1162062500
22927,커피집,인헌동,1162062500
22928,복합문화예술수다카페청춘랜드,인헌동,1162062500
22929,소풍가는날,인헌동,1162062500
22930,대진오리,인헌동,1162062500
22931,커피버넷,인헌동,1162062500
22932,디하우스,인헌동,1162062500
22933,더잘만든닭강정,인헌동,1162062500
22934,싸미닭발,인헌동,1162062500
22935,한국통닭,인헌동,1162062500
22936,장호덕손만두,인헌동,1162062500
22937,버금새우배달&포장,인헌동,1162062500
22938,애니아이,인헌동,1162062500
22939,자바라,인헌동,1162062500
22940,라라푸드,인헌동,1162062500
22941,엘리14,인헌동,1162062500
22942,두마리찜닭두찜,인헌동,1162062500
22943,감자자루,인헌동,1162062500
22944,카츠익스프레스,인헌동,1162062500
22945,The치킨,인헌동,1162062500
22946,Thechef,인헌동,1162062500
22947,술주유,인헌동,1162062500
22948,맛사랑,인헌동,1162062500
22949,순영이네,인헌동,1162062500
22950,남수원숯불갈비,면목5동,1126055000
22951,씬더치킨,면목5동,1126055000
22952,남원추어탕,면목5동,1126055000
22953,진족발,면목5동,1126055000
22954,나왔네,면목5동,1126055000
22955,풀이슬,면목5동,1126055000
22956,카페,면목5동,1126055000
22957,그냥조아,면목5동,1126055000
22958,치악산생고기,면목5동,1126055000
22959,강북영양탕,면목5동,1126055000
22960,HESTIA,면목5동,1126055000
22961,선학,면목5동,1126055000
22962,ABC치킨앤러브러브피자,면목5동,1126055000
22963,화신대반점,면목5동,1126055000
22964,면목정,면목5동,1126055000
22965,라이트한잔흑맥주,면목5동,1126055000
22966,카페베네,면목5동,1126055000
22967,안동찜닭감자탕,면목5동,1126055000
22968,전주콩나물해장국,면목5동,1126055000
22969,블링블링,면목5동,1126055000
22970,곱창집,면목5동,1126055000
22971,명동동태찜탕,면목5동,1126055000
22972,"식탐,자율식당",면목5동,1126055000
22973,돼지네식당,면목5동,1126055000
22974,엉터리숯불돼지갈비,면목5동,1126055000
22975,궁중정설렁탕떡갈비,면목5동,1126055000
22976,통일식당,면목5동,1126055000
22977,치즈로뜨자피자,면목5동,1126055000
22978,이디야커피,면목5동,1126055000
22979,심심풀이,면목5동,1126055000
22980,에스앤씨푸드컴퍼니신촌닭강정,면목5동,1126055000
22981,카페,면목5동,1126055000
22982,원조왕십리곱창,면목5동,1126055000
22983,본가,면목5동,1126055000
22984,에이비씨치킨&러브브,면목5동,1126055000
22985,우리곱창,면목5동,1126055000
22986,어가촌,면목5동,1126055000
22987,풀E슬,면목5동,1126055000
22988,쉐프리세상만족,면목5동,1126055000
22989,호식이두마리치킨,면목5동,1126055000
22990,브랜드호프,면목5동,1126055000
22991,착한떡집,면목5동,1126055000
22992,영기내식당,면목5동,1126055000
22993,마장곱창,면목5동,1126055000
22994,썬더치킨,면목5동,1126055000
22995,운악산직영생소금구이,면목5동,1126055000
22996,엉터리숯불갈비,면목5동,1126055000
22997,브이통닭,면목5동,1126055000
22998,홈플러스테스코,면목5동,1126055000
22999,아뜰리에,면목5동,1126055000
23000,더피자,면목5동,1126055000
23001,옥주네삼겹살동태탕,면목5동,1126055000
23002,수수꽃다리연우네,면목5동,1126055000
23003,정이네커피상점,면목5동,1126055000
23004,팔천순대,면목5동,1126055000
23005,삼시국수,면목5동,1126055000
23006,몽블랑제면목점,면목5동,1126055000
23007,돈가순대국,면목5동,1126055000
23008,명륜진사갈비,면목5동,1126055000
23009,북경반점,면목5동,1126055000
23010,피터팬돈까스,면목5동,1126055000
23011,메가엠지씨커피,면목5동,1126055000
23012,미드나잇선,면목5동,1126055000
23013,꼬기랑호프랑,면목5동,1126055000
23014,낭만포차,면목5동,1126055000
23015,짜앤짬,면목5동,1126055000
23016,또바기치킨,면목5동,1126055000
23017,주모포차,면목5동,1126055000
23018,호식이두마리치킨,면목5동,1126055000
23019,커피마마,면목5동,1126055000
23020,가성흑가마바베큐,면목5동,1126055000
23021,카르텔퍼블릭,면목5동,1126055000
23022,빙달,면목5동,1126055000
23023,실버피자,면목5동,1126055000
23024,얼음왕국아이스크림할인점면목라온17,면목5동,1126055000
23025,미크닉김밥,면목5동,1126055000
23026,마시젤라아이스크림,면목5동,1126055000
23027,카츠,면목5동,1126055000
23028,로뎀분식,면목5동,1126055000
23029,늘봄아갑찜&해물탕,면목5동,1126055000
23030,BBQ치킨,발산1동,1150061100
23031,박포바베큐,발산1동,1150061100
23032,경상도집,발산1동,1150061100
23033,술이야,발산1동,1150061100
23034,이삭토스트,발산1동,1150061100
23035,이대서울병원,발산1동,1150061100
23036,향수27080라이브,발산1동,1150061100
23037,피자애,발산1동,1150061100
23038,리트웨이,발산1동,1150061100
23039,맘스터치,발산1동,1150061100
23040,보성수산,발산1동,1150061100
23041,나누리,발산1동,1150061100
23042,꾸시꾸시베이커리,발산1동,1150061100
23043,도미노피자,발산1동,1150061100
23044,동복리제주갈치조림,발산1동,1150061100
23045,수협바다회상,발산1동,1150061100
23046,비턴,발산1동,1150061100
23047,아마스빈코리아,발산1동,1150061100
23048,송화왕만두,발산1동,1150061100
23049,봉담아,발산1동,1150061100
23050,족발슈퍼,발산1동,1150061100
23051,현대옥,발산1동,1150061100
23052,투썸플레이스우장산역점,발산1동,1150061100
23053,장영오두부명가,발산1동,1150061100
23054,승화네크랩보드,발산1동,1150061100
23055,서민한우,발산1동,1150061100
23056,펭귄키친,발산1동,1150061100
23057,조금특별한파스타,발산1동,1150061100
23058,온푸드,발산1동,1150061100
23059,CoCocafe,발산1동,1150061100
23060,제성씨엔엠정성한,발산1동,1150061100
23061,마님죽,발산1동,1150061100
23062,아이엠라이언,발산1동,1150061100
23063,할리스커피,발산1동,1150061100
23064,BHC치킨,발산1동,1150061100
23065,우장산역어시장포장전문점,발산1동,1150061100
23066,베러고,발산1동,1150061100
23067,현선이네부대찌개쭈꾸미,발산1동,1150061100
23068,로웰클래스스터디카페,발산1동,1150061100
23069,티블랙,발산1동,1150061100
23070,본죽,발산1동,1150061100
23071,하삼동커피,발산1동,1150061100
23072,스타벅스,발산1동,1150061100
23073,박포식당,발산1동,1150061100
23074,기성집,발산1동,1150061100
23075,배스킨라빈스31,발산1동,1150061100
23076,이디야커피,발산1동,1150061100
23077,돈태백,발산1동,1150061100
23078,김둘레순대국,발산1동,1150061100
23079,안영자면옥,발산1동,1150061100
23080,똑순이막국수,발산1동,1150061100
23081,원보완탕,발산1동,1150061100
23082,마곡초밥,발산1동,1150061100
23083,삼양수산,발산1동,1150061100
23084,호미빙,발산1동,1150061100
23085,혼밥대장,발산1동,1150061100
23086,만두&족발,발산1동,1150061100
23087,일락,발산1동,1150061100
23088,쿤투모,발산1동,1150061100
23089,몽블랑제,발산1동,1150061100
23090,치킨사냥,발산1동,1150061100
23091,발산식당,발산1동,1150061100
23092,시범떡,발산1동,1150061100
23093,이정재빵집,발산1동,1150061100
23094,오물오물,발산1동,1150061100
23095,한방족발,발산1동,1150061100
23096,아마스빈,발산1동,1150061100
23097,향림,발산1동,1150061100
23098,팔팔수산,발산1동,1150061100
23099,Only김치찌개,발산1동,1150061100
23100,옛날빵집,발산1동,1150061100
23101,고수통닭,발산1동,1150061100
23102,다래목해물손칼국수,발산1동,1150061100
23103,파리바게뜨마곡엠밸리점,발산1동,1150061100
23104,어촌,발산1동,1150061100
23105,장모님한식부페,발산1동,1150061100
23106,스시주,발산1동,1150061100
23107,더히어로뽕스,발산1동,1150061100
23108,봄베이킹스튜디오,발산1동,1150061100
23109,와이블랙,발산1동,1150061100
23110,신나라김밥,화곡본동,1150059000
23111,가마골무쇠돌이,화곡본동,1150059000
23112,해진락호프,화곡본동,1150059000
23113,비니거니치킨호프,화곡본동,1150059000
23114,흑산도,화곡본동,1150059000
23115,두리랑포차,화곡본동,1150059000
23116,불타는닭발,화곡본동,1150059000
23117,리버티,화곡본동,1150059000
23118,소문난집,화곡본동,1150059000
23119,소문난족발,화곡본동,1150059000
23120,미담분식,화곡본동,1150059000
23121,가장맛있는족발화곡점,화곡본동,1150059000
23122,곱창고화곡시장점,화곡본동,1150059000
23123,그러케,화곡본동,1150059000
23124,스타팡팡,화곡본동,1150059000
23125,미각아구동태해물찜,화곡본동,1150059000
23126,숯불부산꼼장어구이화곡본점,화곡본동,1150059000
23127,고흥바다횟집,화곡본동,1150059000
23128,청와대기사식당,화곡본동,1150059000
23129,페리카나치킨,화곡본동,1150059000
23130,거기시켜덮밥&간식,화곡본동,1150059000
23131,왕돈까스앤냉면,화곡본동,1150059000
23132,동그라미곱창,화곡본동,1150059000
23133,바다,화곡본동,1150059000
23134,손오공마라탕,화곡본동,1150059000
23135,미각돈까스냉면칼국수,화곡본동,1150059000
23136,어촌생선구이굴밥,화곡본동,1150059000
23137,동글갈비,화곡본동,1150059000
23138,파전하우스,화곡본동,1150059000
23139,아리랑양꼬치,화곡본동,1150059000
23140,오남매우동,화곡본동,1150059000
23141,현진이네만난집,화곡본동,1150059000
23142,여기가좋겠네,화곡본동,1150059000
23143,김밥사랑,화곡본동,1150059000
23144,뚜레쥬르화곡옛길점,화곡본동,1150059000
23145,박가네생고기,화곡본동,1150059000
23146,청진동해장국,화곡본동,1150059000
23147,맛밥,화곡본동,1150059000
23148,초희,화곡본동,1150059000
23149,명태어장,화곡본동,1150059000
23150,93,화곡본동,1150059000
23151,봉구비어,화곡본동,1150059000
23152,그집,화곡본동,1150059000
23153,온점,화곡본동,1150059000
23154,삽겹살파티,화곡본동,1150059000
23155,일층카페,화곡본동,1150059000
23156,209라운지,화곡본동,1150059000
23157,꾸미푸드,화곡본동,1150059000
23158,카페오월,화곡본동,1150059000
23159,보스참치,화곡본동,1150059000
23160,맛없으면환불해주는장군집,화곡본동,1150059000
23161,뎁스Depth,화곡본동,1150059000
23162,컴포즈,화곡본동,1150059000
23163,피자헛,화곡본동,1150059000
23164,셰플리강서키친,화곡본동,1150059000
23165,커피빈,화곡본동,1150059000
23166,와플대학,화곡본동,1150059000
23167,365푸드락강남동태,화곡본동,1150059000
23168,고향식당,화곡본동,1150059000
23169,육탕상점,화곡본동,1150059000
23170,딜리버리킹,화곡본동,1150059000
23171,풍년떡집,화곡본동,1150059000
23172,피자마루,화곡본동,1150059000
23173,파란소나기,화곡본동,1150059000
23174,KFC,화곡본동,1150059000
23175,형제떡집,화곡본동,1150059000
23176,호떡집,화곡본동,1150059000
23177,아리랑양꼬치,화곡본동,1150059000
23178,패밀리키친,화곡본동,1150059000
23179,빙빙,화곡본동,1150059000
23180,카페인중독,화곡본동,1150059000
23181,혼밥대왕,화곡본동,1150059000
23182,진국,화곡본동,1150059000
23183,명품삼겹살&부대찌개,화곡본동,1150059000
23184,칠복닭강정,화곡본동,1150059000
23185,꼬꼬방집으로삼겹,화곡본동,1150059000
23186,밥도둑한끼뚝딱,화곡본동,1150059000
23187,노비포차,화곡본동,1150059000
23188,백채김치찌개,화곡본동,1150059000
23189,마피아떡볶이,화곡본동,1150059000
23190,채랑샤브샤브,쌍문3동,1132068000
23191,압구정봉구비어,쌍문3동,1132068000
23192,뚝닭,쌍문3동,1132068000
23193,버거킹,쌍문3동,1132068000
23194,명동칼국수,쌍문3동,1132068000
23195,라스커피,쌍문3동,1132068000
23196,밥도둑술도둑쭈꾸미,쌍문3동,1132068000
23197,쥬씨,쌍문3동,1132068000
23198,응응스크르숭미초교점,쌍문3동,1132068000
23199,프렌드,쌍문3동,1132068000
23200,종로강남한의원식품사업부더쌍화커피,쌍문3동,1132068000
23201,참이맛감자탕쌍문점,쌍문3동,1132068000
23202,안동찜닭,쌍문3동,1132068000
23203,영즉석떡볶이,쌍문3동,1132068000
23204,흥부네한방족발,쌍문3동,1132068000
23205,치킨42.195,쌍문3동,1132068000
23206,로지,쌍문3동,1132068000
23207,영자네곱창,쌍문3동,1132068000
23208,오븐마루,쌍문3동,1132068000
23209,가원숯불갈비,쌍문3동,1132068000
23210,도마소주방,쌍문3동,1132068000
23211,본죽쌍문한일병원점,쌍문3동,1132068000
23212,본가신촌설렁탕쌍문점,쌍문3동,1132068000
23213,만복국수미소,쌍문3동,1132068000
23214,쭈꾸미킹,쌍문3동,1132068000
23215,대원떡집,쌍문3동,1132068000
23216,어사출또,쌍문3동,1132068000
23217,야곱창,쌍문3동,1132068000
23218,반햇닭,쌍문3동,1132068000
23219,투썸플레이스쌍문역점,쌍문3동,1132068000
23220,망원동티라미수,쌍문3동,1132068000
23221,쿠리야,쌍문3동,1132068000
23222,반올림피자샵도봉구점,쌍문3동,1132068000
23223,쿠웨이트떡볶이,쌍문3동,1132068000
23224,보배돌곱창,쌍문3동,1132068000
23225,영분식,쌍문3동,1132068000
23226,꽈백최선생,쌍문3동,1132068000
23227,이디야커피,쌍문3동,1132068000
23228,통나무식당,쌍문3동,1132068000
23229,마이머랭,쌍문3동,1132068000
23230,초밥가게,쌍문3동,1132068000
23231,렛츠롱,쌍문3동,1132068000
23232,나드리김밥,쌍문3동,1132068000
23233,우와곱창,쌍문3동,1132068000
23234,배달삼겹직구삼,쌍문3동,1132068000
23235,오픈더도어,쌍문3동,1132068000
23236,그림,쌍문3동,1132068000
23237,소문난닭강정,쌍문3동,1132068000
23238,뚜레쥬르,쌍문3동,1132068000
23239,일번지민물매운탕,쌍문3동,1132068000
23240,원조머북이곱창,쌍문3동,1132068000
23241,명동찌개마을,쌍문3동,1132068000
23242,카페바인쌍문점,쌍문3동,1132068000
23243,미트스타킴,쌍문3동,1132068000
23244,펍앤쿡,쌍문3동,1132068000
23245,응급실국물떡볶이,쌍문3동,1132068000
23246,카페,쌍문3동,1132068000
23247,한양방앗간,쌍문3동,1132068000
23248,치탈리아,쌍문3동,1132068000
23249,유명한빵집,쌍문3동,1132068000
23250,모던타임즈,쌍문3동,1132068000
23251,노박사왕족발,쌍문3동,1132068000
23252,2ndmeal,쌍문3동,1132068000
23253,한손에커피,쌍문3동,1132068000
23254,착한부대찌개,쌍문3동,1132068000
23255,굽모닝닭오리숯불바베큐,쌍문3동,1132068000
23256,미스사이공,쌍문3동,1132068000
23257,별난주점쌍문역점,쌍문3동,1132068000
23258,미각,쌍문3동,1132068000
23259,스탠리,쌍문3동,1132068000
23260,59피자,쌍문3동,1132068000
23261,거성숯불생고기,쌍문3동,1132068000
23262,에밀리아카페,쌍문3동,1132068000
23263,생선구이,쌍문3동,1132068000
23264,호프광장,쌍문3동,1132068000
23265,브이아이피곱창&막창,쌍문3동,1132068000
23266,요거프레소,쌍문3동,1132068000
23267,대원복떡집,쌍문3동,1132068000
23268,쌍문역3번출구,쌍문3동,1132068000
23269,BKR버거킹쌍문SK점,쌍문3동,1132068000
23270,금산원식당,대림2동,1156071000
23271,웅기불고기,대림2동,1156071000
23272,산하신승부풍미면관,대림2동,1156071000
23273,대림골,대림2동,1156071000
23274,라화쿵부,대림2동,1156071000
23275,할리스커피,대림2동,1156071000
23276,엔돌핀,대림2동,1156071000
23277,특향양꼬치,대림2동,1156071000
23278,픽미픽미아이스,대림2동,1156071000
23279,장량마라탕,대림2동,1156071000
23280,백두산호프,대림2동,1156071000
23281,김삿갓닭갈비,대림2동,1156071000
23282,장백산식당,대림2동,1156071000
23283,마포왕소금구이,대림2동,1156071000
23284,귀손훈제,대림2동,1156071000
23285,남원골추어탕,대림2동,1156071000
23286,량쟈샤브샤브구이,대림2동,1156071000
23287,룡정닭발,대림2동,1156071000
23288,순풍샤브샤브,대림2동,1156071000
23289,대왕오락실,대림2동,1156071000
23290,밥뚝딱푸드,대림2동,1156071000
23291,케이엠지엠,대림2동,1156071000
23292,요거프레소대림우성사거리점,대림2동,1156071000
23293,아지트,대림2동,1156071000
23294,빠쥬빠쥬맥주옥,대림2동,1156071000
23295,백미향양꼬치,대림2동,1156071000
23296,파리바게뜨신대림자이,대림2동,1156071000
23297,맛나두부,대림2동,1156071000
23298,나집에안갈래,대림2동,1156071000
23299,미화호프,대림2동,1156071000
23300,달따라호프,대림2동,1156071000
23301,힐링비어,대림2동,1156071000
23302,공과장옛날맥주꿀보닭강정,대림2동,1156071000
23303,다사랑,대림2동,1156071000
23304,커피유슬리스,대림2동,1156071000
23305,라화쿵부마라탕,대림2동,1156071000
23306,훠소훠코우,대림2동,1156071000
23307,쥐풍면관,대림2동,1156071000
23308,우리왕족발,대림2동,1156071000
23309,타향만두집,대림2동,1156071000
23310,동북정육식당,대림2동,1156071000
23311,청년컵밥,대림2동,1156071000
23312,왕비포차,대림2동,1156071000
23313,인화물만두,대림2동,1156071000
23314,압력솥술압력요리,대림2동,1156071000
23315,뚜레쥬르대림우성점,대림2동,1156071000
23316,옥상술집,대림2동,1156071000
23317,칠리향식품,대림2동,1156071000
23318,대림찹쌀순대,대림2동,1156071000
23319,하다문꼬치전문,대림2동,1156071000
23320,호향쭈꾸미,대림2동,1156071000
23321,"매일,여기",대림2동,1156071000
23322,북경오리집,대림2동,1156071000
23323,한금마라오리,대림2동,1156071000
23324,왕돈까스&왕냉면,대림2동,1156071000
23325,카페,대림2동,1156071000
23326,두바이,대림2동,1156071000
23327,일승서비스보드게임,대림2동,1156071000
23328,이모네초두부,대림2동,1156071000
23329,이치뉴피바,대림2동,1156071000
23330,흠향원국수집,대림2동,1156071000
23331,브래드밀레,대림2동,1156071000
23332,파라다이스,대림2동,1156071000
23333,소문난떡집,대림2동,1156071000
23334,잇츠닭강정,대림2동,1156071000
23335,차이나,대림2동,1156071000
23336,가합만두부페,대림2동,1156071000
23337,천지호프,대림2동,1156071000
23338,투다리,대림2동,1156071000
23339,연길양꼬치2,대림2동,1156071000
23340,카페쉼,대림2동,1156071000
23341,무순고기집,대림2동,1156071000
23342,복원홍중어양샤브성,대림2동,1156071000
23343,일래향꼬치점,대림2동,1156071000
23344,놀란호프,대림2동,1156071000
23345,무인커피숍,대림2동,1156071000
23346,쥬씨대림역점,대림2동,1156071000
23347,우남식당,대림2동,1156071000
23348,기장산곰장어집,대림2동,1156071000
23349,동북뀀성,대림2동,1156071000
23350,토종집,수유1동,1130561500
23351,엘림식당,수유1동,1130561500
23352,장수갈비,수유1동,1130561500
23353,라스베가스,수유1동,1130561500
23354,백운기사식당,수유1동,1130561500
23355,골목지짐이,수유1동,1130561500
23356,다래함박스텍,수유1동,1130561500
23357,503갤러리카페,수유1동,1130561500
23358,청춘스쿨,수유1동,1130561500
23359,신짱구비어,수유1동,1130561500
23360,피그멜트,수유1동,1130561500
23361,소나무집,수유1동,1130561500
23362,응응스크르서울,수유1동,1130561500
23363,전주집삼겹천하,수유1동,1130561500
23364,샵,수유1동,1130561500
23365,황금소참숯불갈비,수유1동,1130561500
23366,만두목장,수유1동,1130561500
23367,오빠가만든한끼&만두,수유1동,1130561500
23368,푸드박,수유1동,1130561500
23369,수염아저씨네,수유1동,1130561500
23370,요리왕,수유1동,1130561500
23371,백운맛집식당,수유1동,1130561500
23372,개밥드슈,수유1동,1130561500
23373,을지로골뱅이,수유1동,1130561500
23374,젠포크,수유1동,1130561500
23375,원조장충족발,수유1동,1130561500
23376,옛곰탕집,수유1동,1130561500
23377,빨래골빈대떡,수유1동,1130561500
23378,뚝배기순대,수유1동,1130561500
23379,활어회직판장,수유1동,1130561500
23380,호돌이빵,수유1동,1130561500
23381,만두명가,수유1동,1130561500
23382,양빈갈비,수유1동,1130561500
23383,골목식당,수유1동,1130561500
23384,오달이네분식,수유1동,1130561500
23385,수입과자점,수유1동,1130561500
23386,카페,수유1동,1130561500
23387,치킨마루,수유1동,1130561500
23388,Bhave,수유1동,1130561500
23389,동하돈가스,수유1동,1130561500
23390,케슬리,수유1동,1130561500
23391,지코바치킨,수유1동,1130561500
23392,토마토도시락,수유1동,1130561500
23393,수유불닭발,수유1동,1130561500
23394,골목술집,수유1동,1130561500
23395,화원커피호프,수유1동,1130561500
23396,헬렌켈러의집,수유1동,1130561500
23397,꿀팩토리,수유1동,1130561500
23398,이디야커피,수유1동,1130561500
23399,호남회집,수유1동,1130561500
23400,간장게장장어구이,수유1동,1130561500
23401,진순대국,수유1동,1130561500
23402,88켄터키,수유1동,1130561500
23403,수유시골집,수유1동,1130561500
23404,전주집,수유1동,1130561500
23405,대권닭,수유1동,1130561500
23406,시골닭한마리,수유1동,1130561500
23407,청년피자,수유1동,1130561500
23408,통뼈감자탕,수유1동,1130561500
23409,카페다담,수유1동,1130561500
23410,마이컵오브티,수유1동,1130561500
23411,신참떡볶이,수유1동,1130561500
23412,"군산아귀찜,코다리찜",수유1동,1130561500
23413,정든푸드,수유1동,1130561500
23414,명가.홍어.김치,수유1동,1130561500
23415,금조홍어삼합,수유1동,1130561500
23416,치킨주막,수유1동,1130561500
23417,에스엠안주,수유1동,1130561500
23418,원조수유집,수유1동,1130561500
23419,바다회,수유1동,1130561500
23420,빵빵이분식,수유1동,1130561500
23421,한끼의품격,수유1동,1130561500
23422,엄마국시,수유1동,1130561500
23423,"1992,조,피자",수유1동,1130561500
23424,마라하오,수유1동,1130561500
23425,보성집,수유1동,1130561500
23426,서울떡집,수유1동,1130561500
23427,던킨호프,수유1동,1130561500
23428,피자에홀린닭,수유1동,1130561500
23429,도도초밥,수유1동,1130561500
23430,본죽신내점,신내1동,1126068000
23431,석순네쭈꾸미,신내1동,1126068000
23432,스타벅스중랑구청점,신내1동,1126068000
23433,웅이네솥뚜껑,신내1동,1126068000
23434,멕시카나신내점,신내1동,1126068000
23435,덕팔이네곱창,신내1동,1126068000
23436,삼원뼈다귀감자탕,신내1동,1126068000
23437,흥부네,신내1동,1126068000
23438,연호초밥,신내1동,1126068000
23439,부자수산,신내1동,1126068000
23440,강원도곰배령막걸리,신내1동,1126068000
23441,피자나라치킨공주,신내1동,1126068000
23442,이종구낙지세상,신내1동,1126068000
23443,피자알볼로,신내1동,1126068000
23444,구석기감자탕,신내1동,1126068000
23445,아프리카커피,신내1동,1126068000
23446,스마일꽈배기,신내1동,1126068000
23447,카페,신내1동,1126068000
23448,권석영의미스터짱닭치킨신내점,신내1동,1126068000
23449,메가커피,신내1동,1126068000
23450,동해식당,신내1동,1126068000
23451,바푸리숯불김밥,신내1동,1126068000
23452,장어세상직판장,신내1동,1126068000
23453,흥부네돼지숯불갈비,신내1동,1126068000
23454,무봉리토종순대국신내점,신내1동,1126068000
23455,김창덕갈비탕,신내1동,1126068000
23456,컴포즈커피,신내1동,1126068000
23457,비어첸,신내1동,1126068000
23458,술시,신내1동,1126068000
23459,공릉닭한마리,신내1동,1126068000
23460,진도야족발신내점,신내1동,1126068000
23461,동그란콩네모난두부,신내1동,1126068000
23462,훌랄라참숯바베큐,신내1동,1126068000
23463,종로김밥,신내1동,1126068000
23464,카페마놀린,신내1동,1126068000
23465,처갓집양념치킨신내점,신내1동,1126068000
23466,죽이야기중랑구청점,신내1동,1126068000
23467,피자나라치킨공주,신내1동,1126068000
23468,노고단칼국수,신내1동,1126068000
23469,신내장작구이,신내1동,1126068000
23470,원할머니보쌈족발,신내1동,1126068000
23471,작은갤러리,신내1동,1126068000
23472,능말은행나무보신탕,신내1동,1126068000
23473,멸치국수,신내1동,1126068000
23474,새우개카페,신내1동,1126068000
23475,이츠굿베이커리카페신내점,신내1동,1126068000
23476,전설의짬뽕,신내1동,1126068000
23477,감탄떡볶이신내우디안점,신내1동,1126068000
23478,묵가네,신내1동,1126068000
23479,백가네,신내1동,1126068000
23480,헬로앨리스마켓24,신내1동,1126068000
23481,22번가,신내1동,1126068000
23482,원통,신내1동,1126068000
23483,동창야채숯불닭갈비,신내1동,1126068000
23484,응급실국물떡볶이,신내1동,1126068000
23485,카페티움,신내1동,1126068000
23486,노래하는포장마차,신내1동,1126068000
23487,마레,신내1동,1126068000
23488,지코바양념치킨,신내1동,1126068000
23489,황금돼지식당,신내1동,1126068000
23490,신내어린이집,신내1동,1126068000
23491,참명가족발,신내1동,1126068000
23492,프라페,신내1동,1126068000
23493,그옛날1947왕만두,신내1동,1126068000
23494,뼈다귀해장국,신내1동,1126068000
23495,디스이즈마인,신내1동,1126068000
23496,이에이티종로김밥,신내1동,1126068000
23497,찬,신내1동,1126068000
23498,카페잇서울의료원점,신내1동,1126068000
23499,진,신내1동,1126068000
23500,벌교포차,신내1동,1126068000
23501,브레드잇,신내1동,1126068000
23502,본도시락,신내1동,1126068000
23503,붉은등갈비,신내1동,1126068000
23504,명랑시대쌀핫도그중랑구청점,신내1동,1126068000
23505,주원이네식당,신내1동,1126068000
23506,생활맥주,신내1동,1126068000
23507,더카페,신내1동,1126068000
23508,주막골,신내1동,1126068000
23509,코코호도신내점,신내1동,1126068000
23510,카페서로,청운효자동,1111051500
23511,짱겜뽀분식,청운효자동,1111051500
23512,오후카페,청운효자동,1111051500
23513,고양이서점&카페,청운효자동,1111051500
23514,83김밥,청운효자동,1111051500
23515,체부동만두,청운효자동,1111051500
23516,유리성,청운효자동,1111051500
23517,사랑방,청운효자동,1111051500
23518,아마센,청운효자동,1111051500
23519,아빠곰탕경복궁역점,청운효자동,1111051500
23520,효자동해장국,청운효자동,1111051500
23521,본떼파스타,청운효자동,1111051500
23522,히바치광,청운효자동,1111051500
23523,엄마식당,청운효자동,1111051500
23524,효자동옛날떡볶이,청운효자동,1111051500
23525,명품한우,청운효자동,1111051500
23526,샤또쇼콜라,청운효자동,1111051500
23527,카페앤,청운효자동,1111051500
23528,고치비,청운효자동,1111051500
23529,오픈북,청운효자동,1111051500
23530,스펙터,청운효자동,1111051500
23531,한국수,청운효자동,1111051500
23532,인왕산대충유원지,청운효자동,1111051500
23533,행복한베이커리&카페,청운효자동,1111051500
23534,비.웰즈B.Wells,청운효자동,1111051500
23535,밥플러스,청운효자동,1111051500
23536,무용소,청운효자동,1111051500
23537,통인시장도시락카페,청운효자동,1111051500
23538,614레스토랑,청운효자동,1111051500
23539,효자카페,청운효자동,1111051500
23540,노부,청운효자동,1111051500
23541,시노라,청운효자동,1111051500
23542,잘빠진메밀서촌,청운효자동,1111051500
23543,레앤르,청운효자동,1111051500
23544,원조할머니떡볶이집,청운효자동,1111051500
23545,2막,청운효자동,1111051500
23546,헤르만의정원,청운효자동,1111051500
23547,전주식당,청운효자동,1111051500
23548,사랑방손칼국수,청운효자동,1111051500
23549,술화덕빵,청운효자동,1111051500
23550,체부동잔치집,청운효자동,1111051500
23551,플랜비원,청운효자동,1111051500
23552,파리바게뜨,청운효자동,1111051500
23553,선인,청운효자동,1111051500
23554,세종마을매운족발,청운효자동,1111051500
23555,공기식당,청운효자동,1111051500
23556,백령도횟집,청운효자동,1111051500
23557,얼스어스,청운효자동,1111051500
23558,옛날짜장,청운효자동,1111051500
23559,카페봄,청운효자동,1111051500
23560,오후,청운효자동,1111051500
23561,청고래,청운효자동,1111051500
23562,통인스윗팩토리,청운효자동,1111051500
23563,베어,청운효자동,1111051500
23564,원조할머니떡볶이,청운효자동,1111051500
23565,목원의서촌가락,청운효자동,1111051500
23566,꿈의문,청운효자동,1111051500
23567,마르디,청운효자동,1111051500
23568,클럽한국빌딩을지,청운효자동,1111051500
23569,두오모북스앤쿡스,청운효자동,1111051500
23570,"디저트,지안",청운효자동,1111051500
23571,쉼,청운효자동,1111051500
23572,들풀식당,청운효자동,1111051500
23573,서촌통영,청운효자동,1111051500
23574,Plan-B1PUB,청운효자동,1111051500
23575,경복궁버들마루,청운효자동,1111051500
23576,서촌언니의식탁,청운효자동,1111051500
23577,청운동콩집,청운효자동,1111051500
23578,퀴진라끌레,청운효자동,1111051500
23579,스탠딩커피,청운효자동,1111051500
23580,더숲,청운효자동,1111051500
23581,카페,청운효자동,1111051500
23582,어피스어피스,청운효자동,1111051500
23583,파틱,청운효자동,1111051500
23584,학아재,청운효자동,1111051500
23585,블루돌핀,청운효자동,1111051500
23586,밀지스튜디오,청운효자동,1111051500
23587,홍천연탄고추장삼겹살,청운효자동,1111051500
23588,카페,청운효자동,1111051500
23589,준수방키친,청운효자동,1111051500
23590,호세야오리바베큐,신사1동,1138063100
23591,명가떡방,신사1동,1138063100
23592,12번가,신사1동,1138063100
23593,삼시국수,신사1동,1138063100
23594,좋은식당,신사1동,1138063100
23595,ELLE커피숍,신사1동,1138063100
23596,국민삼오통닭,신사1동,1138063100
23597,보들이쭈꾸미,신사1동,1138063100
23598,연지호프,신사1동,1138063100
23599,시장스낵,신사1동,1138063100
23600,카페,신사1동,1138063100
23601,오가족발,신사1동,1138063100
23602,삼봉옛날통닭,신사1동,1138063100
23603,서오능누룽지통닭,신사1동,1138063100
23604,동대문엽기떡볶이응암점,신사1동,1138063100
23605,노블,신사1동,1138063100
23606,돼지한마당,신사1동,1138063100
23607,한려수산,신사1동,1138063100
23608,쎈ssen카츠,신사1동,1138063100
23609,횡강골남원추어탕,신사1동,1138063100
23610,타이선,신사1동,1138063100
23611,설빙,신사1동,1138063100
23612,동네밥집,신사1동,1138063100
23613,케이디비스터디카페,신사1동,1138063100
23614,12thstreet,신사1동,1138063100
23615,OTRCOFFEE,신사1동,1138063100
23616,흥부찜닭&삼겹본능,신사1동,1138063100
23617,수수,신사1동,1138063100
23618,돼지뽈집,신사1동,1138063100
23619,호수고을추어탕,신사1동,1138063100
23620,불티나손만두,신사1동,1138063100
23621,도토리마을,신사1동,1138063100
23622,브리아몽베이커리,신사1동,1138063100
23623,커피에반하다,신사1동,1138063100
23624,김밥,신사1동,1138063100
23625,애월,신사1동,1138063100
23626,그린스푼,신사1동,1138063100
23627,한강메들리,신사1동,1138063100
23628,남강숯불갈비,신사1동,1138063100
23629,프로즌빈,신사1동,1138063100
23630,옛날짜장,신사1동,1138063100
23631,신사로,신사1동,1138063100
23632,꼬꼬야닭먹자,신사1동,1138063100
23633,런드리즈,신사1동,1138063100
23634,스시향,신사1동,1138063100
23635,빽다방,신사1동,1138063100
23636,싱싱바다회집,신사1동,1138063100
23637,니하오,신사1동,1138063100
23638,호야네분식,신사1동,1138063100
23639,온앤오프,신사1동,1138063100
23640,수고한나에게,신사1동,1138063100
23641,맛담은김밥,신사1동,1138063100
23642,돼지먹고촌,신사1동,1138063100
23643,신사한우곱창,신사1동,1138063100
23644,사니하루,신사1동,1138063100
23645,백병장네꼬기꼬기,신사1동,1138063100
23646,도화양꼬치,신사1동,1138063100
23647,무대포호프와노가리,신사1동,1138063100
23648,소금항아리,신사1동,1138063100
23649,신사정육식당,신사1동,1138063100
23650,카페로옥,신사1동,1138063100
23651,키다리아저씨,신사1동,1138063100
23652,파이브스타,신사1동,1138063100
23653,스시콘,신사1동,1138063100
23654,현이네식당,신사1동,1138063100
23655,메가엠지씨커피,신사1동,1138063100
23656,족발야시장,신사1동,1138063100
23657,100억곱창,신사1동,1138063100
23658,낭만장어,신사1동,1138063100
23659,카페동네,신사1동,1138063100
23660,홍짜장,신사1동,1138063100
23661,악어,신사1동,1138063100
23662,그랑데뷰,신사1동,1138063100
23663,니노나,신사1동,1138063100
23664,힐링메들리,신사1동,1138063100
23665,홈플러스익스프레스,신사1동,1138063100
23666,별미국수,신사1동,1138063100
23667,쿠키야카페,신사1동,1138063100
23668,이층돈가스,신사1동,1138063100
23669,꾸워,신사1동,1138063100
23670,부덕관,성수1가1동,1120065000
23671,왕새우구이왕,성수1가1동,1120065000
23672,압구정김밥,성수1가1동,1120065000
23673,원조할매보쌈,성수1가1동,1120065000
23674,오복떡방아간,성수1가1동,1120065000
23675,디초콜릿,성수1가1동,1120065000
23676,프로브,성수1가1동,1120065000
23677,현영이네,성수1가1동,1120065000
23678,삼표산업구내식당성수공장,성수1가1동,1120065000
23679,원조감자국,성수1가1동,1120065000
23680,아이니드팩토리,성수1가1동,1120065000
23681,서울에스프레소,성수1가1동,1120065000
23682,팜티진쌀국수,성수1가1동,1120065000
23683,이모네식당,성수1가1동,1120065000
23684,메가박스,성수1가1동,1120065000
23685,역삼칼국수,성수1가1동,1120065000
23686,체다앤올리,성수1가1동,1120065000
23687,서울리안,성수1가1동,1120065000
23688,스타벅스,성수1가1동,1120065000
23689,디열커피,성수1가1동,1120065000
23690,오발탄,성수1가1동,1120065000
23691,누메로뜨레쓰,성수1가1동,1120065000
23692,이태리차차,성수1가1동,1120065000
23693,큐뮬러스,성수1가1동,1120065000
23694,도믹스,성수1가1동,1120065000
23695,티비디,성수1가1동,1120065000
23696,후식당,성수1가1동,1120065000
23697,현숙한여인,성수1가1동,1120065000
23698,성수아구찜탕,성수1가1동,1120065000
23699,커피오스,성수1가1동,1120065000
23700,스테이션B,성수1가1동,1120065000
23701,김밥플러스토스트,성수1가1동,1120065000
23702,지성식당,성수1가1동,1120065000
23703,영구스피자,성수1가1동,1120065000
23704,카페데플뢰르,성수1가1동,1120065000
23705,커즈퀸스,성수1가1동,1120065000
23706,코너룸,성수1가1동,1120065000
23707,BHC치킨,성수1가1동,1120065000
23708,메종프랭크,성수1가1동,1120065000
23709,요거프레소,성수1가1동,1120065000
23710,카페,성수1가1동,1120065000
23711,킹콩이,성수1가1동,1120065000
23712,새촌131,성수1가1동,1120065000
23713,커피스미스,성수1가1동,1120065000
23714,죠스떡뽁이,성수1가1동,1120065000
23715,카페서울숲,성수1가1동,1120065000
23716,앙요,성수1가1동,1120065000
23717,슈가플래닝,성수1가1동,1120065000
23718,엄마손만두소풍,성수1가1동,1120065000
23719,맘스탠드,성수1가1동,1120065000
23720,에스랩,성수1가1동,1120065000
23721,예산국수,성수1가1동,1120065000
23722,두근두근,성수1가1동,1120065000
23723,깐부치킨,성수1가1동,1120065000
23724,탄탄면공방,성수1가1동,1120065000
23725,장원식당,성수1가1동,1120065000
23726,쿠켄치킨,성수1가1동,1120065000
23727,조프리케이크JOFREECAKE,성수1가1동,1120065000
23728,혼합복식,성수1가1동,1120065000
23729,오뜨로부엔디아,성수1가1동,1120065000
23730,샌프란시스코커피,성수1가1동,1120065000
23731,베이크드아를르,성수1가1동,1120065000
23732,소소한가게,성수1가1동,1120065000
23733,고흥만,성수1가1동,1120065000
23734,수유다래함박스텍,성수1가1동,1120065000
23735,코사이어티서울숲,성수1가1동,1120065000
23736,바차차,성수1가1동,1120065000
23737,일정,성수1가1동,1120065000
23738,뚝섬정지,성수1가1동,1120065000
23739,차이나플레인,성수1가1동,1120065000
23740,펀토리하우스,성수1가1동,1120065000
23741,셀르레브포레스트앤리버,성수1가1동,1120065000
23742,에피소드,성수1가1동,1120065000
23743,메이탄성수,성수1가1동,1120065000
23744,마포설농탕,성수1가1동,1120065000
23745,웨일즈커피메가박스,성수1가1동,1120065000
23746,프로맘킨더,성수1가1동,1120065000
23747,한냄비,성수1가1동,1120065000
23748,먹을만회,성수1가1동,1120065000
23749,비엔나커피하우스서울숲역점,성수1가1동,1120065000
23750,커피니종합운동장역점,잠실7동,1171072000
23751,한우푸드,잠실7동,1171072000
23752,빛샘학원,잠실7동,1171072000
23753,장터국수선수촌점,잠실7동,1171072000
23754,브레쉬에비뉴,잠실7동,1171072000
23755,장터국수,잠실7동,1171072000
23756,페리카나,잠실7동,1171072000
23757,초밥왕,잠실7동,1171072000
23758,초밥왕잠실점,잠실7동,1171072000
23759,분식의신,잠실7동,1171072000
23760,치킨더버,잠실7동,1171072000
23761,에그플랜트,잠실7동,1171072000
23762,시골김밥,잠실7동,1171072000
23763,엘림맛집,잠실7동,1171072000
23764,엘샤다이제과점,잠실7동,1171072000
23765,프린스치킨,잠실7동,1171072000
23766,기분좋은국수,잠실7동,1171072000
23767,엘샤다이과자점,잠실7동,1171072000
23768,아딸,잠실7동,1171072000
23769,낙원떡집,잠실7동,1171072000
23770,스시메시,잠실7동,1171072000
23771,오동통오겹살,도림동,1156058500
23772,감악산,도림동,1156058500
23773,동연호프,도림동,1156058500
23774,또와유명태간장조림,도림동,1156058500
23775,불닭발땡초동대문엽기떡볶이,도림동,1156058500
23776,오징어왕자낙지공주,도림동,1156058500
23777,픽미픽미아이스,도림동,1156058500
23778,덮다,도림동,1156058500
23779,푸른고등어,도림동,1156058500
23780,큰맘할매순대국,도림동,1156058500
23781,포장마차참살이,도림동,1156058500
23782,야미브레드,도림동,1156058500
23783,서울순대국,도림동,1156058500
23784,도림186,도림동,1156058500
23785,도즈렛커피,도림동,1156058500
23786,메가엠지씨커피,도림동,1156058500
23787,유로코피자,도림동,1156058500
23788,파트너,도림동,1156058500
23789,제주생고기도림점,도림동,1156058500
23790,쥬씨JUICY,도림동,1156058500
23791,홍대앞왕동까스&돈부리,도림동,1156058500
23792,먹거리맛집,도림동,1156058500
23793,드래프트비어,도림동,1156058500
23794,쭈대가제육대가,도림동,1156058500
23795,고향보신탕,도림동,1156058500
23796,바다사랑,도림동,1156058500
23797,떡볶기1942,도림동,1156058500
23798,땅스부대찌개,도림동,1156058500
23799,참나무숯불통닭,도림동,1156058500
23800,리브어트레이스,도림동,1156058500
23801,Mingle,도림동,1156058500
23802,윅앤드위켄드,도림동,1156058500
23803,심양불고기,도림동,1156058500
23804,무상킹,도림동,1156058500
23805,큰집왕손만두,도림동,1156058500
23806,마장동일번지,도림동,1156058500
23807,카페,도림동,1156058500
23808,만델리나(Mandelina),도림동,1156058500
23809,카페,도림동,1156058500
23810,해와달,도림동,1156058500
23811,카페인중독도림점,도림동,1156058500
23812,헤비로테이트,도림동,1156058500
23813,이디야커피,도림동,1156058500
23814,민속두부마을과돌솥밥,도림동,1156058500
23815,토마토김밥,도림동,1156058500
23816,달무리,도림동,1156058500
23817,호프데이,도림동,1156058500
23818,풍년집,도림동,1156058500
23819,머머김밥,도림동,1156058500
23820,참숯대박갈비,도림동,1156058500
23821,김미자당진아구동태찜.탕,도림동,1156058500
23822,주유소,도림동,1156058500
23823,21세기우리바다수산,도림동,1156058500
23824,바보생고기,도림동,1156058500
23825,황귀닭곰탕도림점,도림동,1156058500
23826,금일수산,도림동,1156058500
23827,아딸,도림동,1156058500
23828,수빈양꼬치,도림동,1156058500
23829,동해골뱅이하우스,도림동,1156058500
23830,조이스,도림동,1156058500
23831,꼬꼬닭하우스,도림동,1156058500
23832,비오치킨,도림동,1156058500
23833,왕도야지순댓국,도림동,1156058500
23834,김밥천국,도림동,1156058500
23835,영도교회,도림동,1156058500
23836,커리쉴,도림동,1156058500
23837,토마토김밥,도림동,1156058500
23838,풍년집정육식당,도림동,1156058500
23839,영신반점,도림동,1156058500
23840,강별미,도림동,1156058500
23841,국사모감자탕,도림동,1156058500
23842,아모르,도림동,1156058500
23843,일심해장국,도림동,1156058500
23844,몽마르지,도림동,1156058500
23845,하하징,도림동,1156058500
23846,허브모아,도림동,1156058500
23847,이스트우드,도림동,1156058500
23848,신의주찹쌀순대,도림동,1156058500
23849,고마온GOMAON,도림동,1156058500
23850,두리랑,도림동,1156058500
23851,난곡제과,난곡동,1162077500
23852,역전우동0410신림난곡점,난곡동,1162077500
23853,배스킨라빈스31난곡점,난곡동,1162077500
23854,밥차포차,난곡동,1162077500
23855,영덕포차,난곡동,1162077500
23856,젠틀맨,난곡동,1162077500
23857,꼬뜰레헤어,난곡동,1162077500
23858,메가엠지씨커피,난곡동,1162077500
23859,좋아좋아,난곡동,1162077500
23860,왕돈까스&왕냉면난곡점,난곡동,1162077500
23861,명태어장,난곡동,1162077500
23862,옛날포차,난곡동,1162077500
23863,시그널,난곡동,1162077500
23864,안성갈비쌈밥,난곡동,1162077500
23865,제주올레고깃집,난곡동,1162077500
23866,한솥도시락FRESH관악난곡점,난곡동,1162077500
23867,남도숯불생고기,난곡동,1162077500
23868,통닭발,난곡동,1162077500
23869,고스트피자,난곡동,1162077500
23870,공주식당,난곡동,1162077500
23871,자금성,난곡동,1162077500
23872,샤브담신림점&쉼표,난곡동,1162077500
23873,채원,난곡동,1162077500
23874,데니스커피남강점,난곡동,1162077500
23875,난곡산장,난곡동,1162077500
23876,고향칼국수,난곡동,1162077500
23877,국가대패,난곡동,1162077500
23878,짱치킨,난곡동,1162077500
23879,카페,난곡동,1162077500
23880,쥬오베이커리,난곡동,1162077500
23881,남도포차,난곡동,1162077500
23882,고루고루,난곡동,1162077500
23883,참치라이더,난곡동,1162077500
23884,난우공상,난곡동,1162077500
23885,고향즉석손두부,난곡동,1162077500
23886,옆집,난곡동,1162077500
23887,만나식당,난곡동,1162077500
23888,어나더유,난곡동,1162077500
23889,지아네밥집,난곡동,1162077500
23890,빽다방,난곡동,1162077500
23891,푸짐한밥상,난곡동,1162077500
23892,찬들청국장,난곡동,1162077500
23893,인생닭강정,난곡동,1162077500
23894,사요싸요,난곡동,1162077500
23895,쉬즈작,난곡동,1162077500
23896,추억의통치킨,난곡동,1162077500
23897,미스터짱닭치킨,난곡동,1162077500
23898,남강식당,난곡동,1162077500
23899,부산식당,난곡동,1162077500
23900,만두빚는곰집,난곡동,1162077500
23901,이모네분식,난곡동,1162077500
23902,별밤호프,난곡동,1162077500
23903,해뜨는집,난곡동,1162077500
23904,눈꽃초밥,난곡동,1162077500
23905,돈뼈락,난곡동,1162077500
23906,장수건강원,난곡동,1162077500
23907,김밥쟁이,난곡동,1162077500
23908,부어치킨,난곡동,1162077500
23909,또래오래신림중앙점,난곡동,1162077500
23910,이삭토스트신림남강점,난곡동,1162077500
23911,죠스떡볶이,난곡동,1162077500
23912,불닭발동대문엽기떡볶이,난곡동,1162077500
23913,우림식당,난곡동,1162077500
23914,청정해물탕아구찜,난곡동,1162077500
23915,성민육개장,난곡동,1162077500
23916,옛날우리통닭,난곡동,1162077500
23917,웨스트브릿지,난곡동,1162077500
23918,산마루,난곡동,1162077500
23919,59피자,난곡동,1162077500
23920,을지로통골뱅이,난곡동,1162077500
23921,조아조아호프,난곡동,1162077500
23922,황기순의손칼국수앤왕돈까스,난곡동,1162077500
23923,소소커피,난곡동,1162077500
23924,우성이네,난곡동,1162077500
23925,빵하우스,난곡동,1162077500
23926,베이커리로컬,난곡동,1162077500
23927,교촌치킨,난곡동,1162077500
23928,남도맛집,난곡동,1162077500
23929,분식저장소,난곡동,1162077500
23930,밀크청크,난곡동,1162077500
23931,사임당떡고을,휘경1동,1123072000
23932,삼천짜장,휘경1동,1123072000
23933,퀸스웨딩부페,휘경1동,1123072000
23934,경발원,휘경1동,1123072000
23935,포비아워스,휘경1동,1123072000
23936,허갈닭강정&카페,휘경1동,1123072000
23937,돈통무한리필,휘경1동,1123072000
23938,이레식당,휘경1동,1123072000
23939,별당,휘경1동,1123072000
23940,탐앤탐스회기역점,휘경1동,1123072000
23941,치킨마루외대앞역점,휘경1동,1123072000
23942,전주콩나물국밥,휘경1동,1123072000
23943,육회공작소회기점회기점,휘경1동,1123072000
23944,설빙,휘경1동,1123072000
23945,수,휘경1동,1123072000
23946,철판파전,휘경1동,1123072000
23947,빈칸,휘경1동,1123072000
23948,닭발휴게소,휘경1동,1123072000
23949,오래숯불갈비뷔페,휘경1동,1123072000
23950,블레스시계,휘경1동,1123072000
23951,피자몰,휘경1동,1123072000
23952,성수뷔페,휘경1동,1123072000
23953,카페드립,휘경1동,1123072000
23954,홍익돈까스,휘경1동,1123072000
23955,김밥천국,휘경1동,1123072000
23956,달려라봉쥬비어,휘경1동,1123072000
23957,도감분식,휘경1동,1123072000
23958,공차,휘경1동,1123072000
23959,초우마을,휘경1동,1123072000
23960,구노포차,휘경1동,1123072000
23961,노천파전,휘경1동,1123072000
23962,광어두마리15000원,휘경1동,1123072000
23963,이조해장국,휘경1동,1123072000
23964,오돌이,휘경1동,1123072000
23965,뽀르뚜아과자점,휘경1동,1123072000
23966,마당쇠감자탕,휘경1동,1123072000
23967,김밥천국,휘경1동,1123072000
23968,와레와레쿡,휘경1동,1123072000
23969,걸작떡볶이,휘경1동,1123072000
23970,갈치가보리를물고찌게속으로,휘경1동,1123072000
23971,언차일드,휘경1동,1123072000
23972,헤너스까페,휘경1동,1123072000
23973,목포집,휘경1동,1123072000
23974,이모네골뱅이전문점,휘경1동,1123072000
23975,반해버린족발,휘경1동,1123072000
23976,드웰,휘경1동,1123072000
23977,시장포차호프,휘경1동,1123072000
23978,분식상회,휘경1동,1123072000
23979,짱닭,휘경1동,1123072000
23980,이디야커피,휘경1동,1123072000
23981,로얄츠바메,휘경1동,1123072000
23982,밤과음악사이,휘경1동,1123072000
23983,짝태앤노가리,휘경1동,1123072000
23984,마라대학,휘경1동,1123072000
23985,신토불이한우곱창,휘경1동,1123072000
23986,BEANKHAN,휘경1동,1123072000
23987,동네김밥,휘경1동,1123072000
23988,윤포차연어참치초밥,휘경1동,1123072000
23989,얌샘김밥회기역점,휘경1동,1123072000
23990,돈통,휘경1동,1123072000
23991,배비장,휘경1동,1123072000
23992,호식이두마리치킨,휘경1동,1123072000
23993,김씨네돌솥밥순두부,휘경1동,1123072000
23994,김해버섯조합,휘경1동,1123072000
23995,7번가피자,휘경1동,1123072000
23996,남한강물고기,휘경1동,1123072000
23997,오래숯불갈비,휘경1동,1123072000
23998,포몬스베트남쌀국수,휘경1동,1123072000
23999,신화식당,휘경1동,1123072000
